<?xml version="1.0" encoding="UTF-8"?>
<export version="D">
  <design>
    <source>D:\Dropbox\Università\RCA\Robotics\03 - Practice\Wearable Compass\Xiao_Wearable\Xiao_Wearable.sch</source>
    <date>19/01/2021 14:57:16</date>
    <tool>Eeschema (5.1.6)-1</tool>
    <sheet number="1" name="/" tstamps="/">
      <title_block>
        <title/>
        <company/>
        <rev/>
        <date/>
        <source>Xiao_Wearable.sch</source>
        <comment number="1" value=""/>
        <comment number="2" value=""/>
        <comment number="3" value=""/>
        <comment number="4" value=""/>
      </title_block>
    </sheet>
  </design>
  <components>
    <comp ref="U1">
      <value>SeeeduinoXIAO</value>
      <footprint>xiao:Seeeduino XIAO-MOUDLE14P-2.54-21X17.8MM</footprint>
      <libsource lib="Seeeduino XIAO" part="SeeeduinoXIAO" description=""/>
      <sheetpath names="/" tstamps="/"/>
      <tstamp>60061C36</tstamp>
    </comp>
    <comp ref="D2">
      <value>GREEN</value>
      <footprint>LED_SMD:LED_0603_1608Metric</footprint>
      <datasheet>~</datasheet>
      <fields>
        <field name="LCSC Part #">C273616</field>
      </fields>
      <libsource lib="Device" part="LED_Small" description="Light emitting diode, small symbol"/>
      <sheetpath names="/" tstamps="/"/>
      <tstamp>6006E889</tstamp>
    </comp>
    <comp ref="J1">
      <value>BATT_CON</value>
      <footprint>Connector_PinSocket_2.54mm:PinSocket_1x02_P2.54mm_Vertical</footprint>
      <datasheet>~</datasheet>
      <libsource lib="Connector_Generic" part="Conn_01x02" description="Generic connector, single row, 01x02, script generated (kicad-library-utils/schlib/autogen/connector/)"/>
      <sheetpath names="/" tstamps="/"/>
      <tstamp>60073525</tstamp>
    </comp>
    <comp ref="U3">
      <value>DRV2605LDGSR</value>
      <footprint>Package_SO:VSSOP-10_3x3mm_P0.5mm</footprint>
      <datasheet>http://www.ti.com/lit/ds/symlink/drv2605l.pdf</datasheet>
      <fields>
        <field name="LCSC Part #">C527464</field>
      </fields>
      <libsource lib="Driver_Haptic" part="DRV2605LDGS" description="Haptic driver for LRAs and ERMs with effect library, 2-5.2V, VSSOP-10"/>
      <sheetpath names="/" tstamps="/"/>
      <tstamp>60083846</tstamp>
    </comp>
    <comp ref="C5">
      <value>1uF</value>
      <footprint>Capacitor_SMD:C_0603_1608Metric</footprint>
      <datasheet>~</datasheet>
      <fields>
        <field name="LCSC Part #">C307350</field>
      </fields>
      <libsource lib="Device" part="C_Small" description="Unpolarized capacitor, small symbol"/>
      <sheetpath names="/" tstamps="/"/>
      <tstamp>6008608E</tstamp>
    </comp>
    <comp ref="J2">
      <value>MTR</value>
      <footprint>Connector_PinSocket_2.54mm:PinSocket_1x02_P2.54mm_Vertical</footprint>
      <datasheet>~</datasheet>
      <libsource lib="Connector_Generic" part="Conn_01x02" description="Generic connector, single row, 01x02, script generated (kicad-library-utils/schlib/autogen/connector/)"/>
      <sheetpath names="/" tstamps="/"/>
      <tstamp>6008E37E</tstamp>
    </comp>
    <comp ref="C6">
      <value>1uF</value>
      <footprint>Capacitor_SMD:C_0603_1608Metric</footprint>
      <datasheet>~</datasheet>
      <fields>
        <field name="LCSC Part #">C307350</field>
      </fields>
      <libsource lib="Device" part="C_Small" description="Unpolarized capacitor, small symbol"/>
      <sheetpath names="/" tstamps="/"/>
      <tstamp>60090B6D</tstamp>
    </comp>
    <comp ref="R7">
      <value>10k</value>
      <footprint>Resistor_SMD:R_0603_1608Metric</footprint>
      <datasheet>~</datasheet>
      <fields>
        <field name="LCSC Part #">C161787</field>
      </fields>
      <libsource lib="Device" part="R_Small" description="Resistor, small symbol"/>
      <sheetpath names="/" tstamps="/"/>
      <tstamp>60092820</tstamp>
    </comp>
    <comp ref="R6">
      <value>10k</value>
      <footprint>Resistor_SMD:R_0603_1608Metric</footprint>
      <datasheet>~</datasheet>
      <fields>
        <field name="LCSC Part #">C161787</field>
      </fields>
      <libsource lib="Device" part="R_Small" description="Resistor, small symbol"/>
      <sheetpath names="/" tstamps="/"/>
      <tstamp>60093CB7</tstamp>
    </comp>
    <comp ref="J3">
      <value>MPU9250</value>
      <footprint>Connector_PinSocket_2.54mm:PinSocket_1x10_P2.54mm_Vertical</footprint>
      <datasheet>~</datasheet>
      <libsource lib="Connector_Generic" part="Conn_01x10" description="Generic connector, single row, 01x10, script generated (kicad-library-utils/schlib/autogen/connector/)"/>
      <sheetpath names="/" tstamps="/"/>
      <tstamp>600D2BFB</tstamp>
    </comp>
    <comp ref="H1">
      <value>M2</value>
      <footprint>MountingHole:MountingHole_2.2mm_M2_Pad</footprint>
      <datasheet>~</datasheet>
      <libsource lib="Mechanical" part="MountingHole_Pad" description="Mounting Hole with connection"/>
      <sheetpath names="/" tstamps="/"/>
      <tstamp>600E3593</tstamp>
    </comp>
    <comp ref="H2">
      <value>M2</value>
      <footprint>MountingHole:MountingHole_2.2mm_M2_Pad</footprint>
      <datasheet>~</datasheet>
      <libsource lib="Mechanical" part="MountingHole_Pad" description="Mounting Hole with connection"/>
      <sheetpath names="/" tstamps="/"/>
      <tstamp>600E3799</tstamp>
    </comp>
    <comp ref="H3">
      <value>M2</value>
      <footprint>MountingHole:MountingHole_2.2mm_M2_Pad</footprint>
      <datasheet>~</datasheet>
      <libsource lib="Mechanical" part="MountingHole_Pad" description="Mounting Hole with connection"/>
      <sheetpath names="/" tstamps="/"/>
      <tstamp>600E3ABD</tstamp>
    </comp>
    <comp ref="H4">
      <value>M2</value>
      <footprint>MountingHole:MountingHole_2.2mm_M2_Pad</footprint>
      <datasheet>~</datasheet>
      <libsource lib="Mechanical" part="MountingHole_Pad" description="Mounting Hole with connection"/>
      <sheetpath names="/" tstamps="/"/>
      <tstamp>600E3D5C</tstamp>
    </comp>
    <comp ref="IC2">
      <value>TP4056</value>
      <footprint>TP4056:SOP-8</footprint>
      <fields>
        <field name="LCSC Part #">C725790</field>
      </fields>
      <libsource lib="TP4056" part="TP4056" description=""/>
      <sheetpath names="/" tstamps="/"/>
      <tstamp>60064D34</tstamp>
    </comp>
    <comp ref="U2">
      <value>MT3608</value>
      <footprint>MT3608:SOT95P280X145-6N</footprint>
      <fields>
        <field name="LCSC Part #">C84817</field>
        <field name="MANUFACTURER">Aero Semi</field>
        <field name="MAXIMUM_PACKAGE_HEIGHT">1.45mm</field>
        <field name="PARTREV">1.0</field>
        <field name="STANDARD">IPC-7351B</field>
      </fields>
      <libsource lib="MT3608" part="MT3608" description=""/>
      <sheetpath names="/" tstamps="/"/>
      <tstamp>600668FA</tstamp>
    </comp>
    <comp ref="IC1">
      <value>DW01A</value>
      <footprint>DW01A:SOT23-6</footprint>
      <fields>
        <field name="LCSC">C351410</field>
        <field name="LCSC Part #">C351410</field>
        <field name="MPN">DW01A</field>
        <field name="VALUE">DW01A</field>
      </fields>
      <libsource lib="DW01A" part="DW01A" description=""/>
      <sheetpath names="/" tstamps="/"/>
      <tstamp>60067435</tstamp>
    </comp>
    <comp ref="Q1">
      <value>FS8205A</value>
      <footprint>FS8205A:SOP65P640X120-8N</footprint>
      <fields>
        <field name="LCSC Part #">C908265</field>
        <field name="MANUFACTURER">Fortune Semiconductor</field>
        <field name="MAXIMUM_PACKAGE_HEIGHT">1.2mm</field>
        <field name="PARTREV">1.7</field>
        <field name="STANDARD">IPC 7351B</field>
      </fields>
      <libsource lib="FS8205A" part="FS8205A" description=""/>
      <sheetpath names="/" tstamps="/"/>
      <tstamp>6006801E</tstamp>
    </comp>
    <comp ref="R1">
      <value>1k</value>
      <footprint>Resistor_SMD:R_0603_1608Metric</footprint>
      <datasheet>~</datasheet>
      <fields>
        <field name="LCSC Part #">C336844</field>
      </fields>
      <libsource lib="Device" part="R_Small" description="Resistor, small symbol"/>
      <sheetpath names="/" tstamps="/"/>
      <tstamp>6007C753</tstamp>
    </comp>
    <comp ref="D1">
      <value>RED</value>
      <footprint>LED_SMD:LED_0603_1608Metric</footprint>
      <datasheet>~</datasheet>
      <fields>
        <field name="LCSC Part #">C192315</field>
      </fields>
      <libsource lib="Device" part="LED_Small" description="Light emitting diode, small symbol"/>
      <sheetpath names="/" tstamps="/"/>
      <tstamp>6007C759</tstamp>
    </comp>
    <comp ref="R2">
      <value>1k</value>
      <footprint>Resistor_SMD:R_0603_1608Metric</footprint>
      <datasheet>~</datasheet>
      <fields>
        <field name="LCSC Part #">C336844</field>
      </fields>
      <libsource lib="Device" part="R_Small" description="Resistor, small symbol"/>
      <sheetpath names="/" tstamps="/"/>
      <tstamp>6007FF4D</tstamp>
    </comp>
    <comp ref="C1">
      <value>10uF</value>
      <footprint>Capacitor_SMD:C_0603_1608Metric</footprint>
      <datasheet>~</datasheet>
      <fields>
        <field name="LCSC Part #">C326057</field>
      </fields>
      <libsource lib="Device" part="C_Small" description="Unpolarized capacitor, small symbol"/>
      <sheetpath names="/" tstamps="/"/>
      <tstamp>60085881</tstamp>
    </comp>
    <comp ref="R3">
      <value>5k</value>
      <footprint>Resistor_SMD:R_0603_1608Metric</footprint>
      <datasheet>~</datasheet>
      <fields>
        <field name="LCSC Part #">C150387</field>
      </fields>
      <libsource lib="Device" part="R_Small" description="Resistor, small symbol"/>
      <sheetpath names="/" tstamps="/"/>
      <tstamp>600878CC</tstamp>
    </comp>
    <comp ref="R4">
      <value>1k</value>
      <footprint>Resistor_SMD:R_0603_1608Metric</footprint>
      <datasheet>~</datasheet>
      <fields>
        <field name="LCSC Part #">C336844</field>
      </fields>
      <libsource lib="Device" part="R_Small" description="Resistor, small symbol"/>
      <sheetpath names="/" tstamps="/"/>
      <tstamp>6008C5ED</tstamp>
    </comp>
    <comp ref="C2">
      <value>100nF</value>
      <footprint>Capacitor_SMD:C_0603_1608Metric</footprint>
      <datasheet>~</datasheet>
      <fields>
        <field name="LCSC Part #">C282518</field>
      </fields>
      <libsource lib="Device" part="C_Small" description="Unpolarized capacitor, small symbol"/>
      <sheetpath names="/" tstamps="/"/>
      <tstamp>600AA75B</tstamp>
    </comp>
    <comp ref="R5">
      <value>100r</value>
      <footprint>Resistor_SMD:R_0603_1608Metric</footprint>
      <datasheet>~</datasheet>
      <fields>
        <field name="LCSC Part #">C491168</field>
      </fields>
      <libsource lib="Device" part="R_Small" description="Resistor, small symbol"/>
      <sheetpath names="/" tstamps="/"/>
      <tstamp>600AEE4C</tstamp>
    </comp>
    <comp ref="L1">
      <value>MSCD32-1R5MT</value>
      <footprint>Xiao_Wearable:MSCD32-1R5MT</footprint>
      <datasheet>~</datasheet>
      <fields>
        <field name="LCSC Part #">C915145</field>
      </fields>
      <libsource lib="Device" part="L_Small" description="Inductor, small symbol"/>
      <sheetpath names="/" tstamps="/"/>
      <tstamp>600C0E92</tstamp>
    </comp>
    <comp ref="C4">
      <value>22uF</value>
      <footprint>Capacitor_SMD:C_0603_1608Metric</footprint>
      <datasheet>~</datasheet>
      <fields>
        <field name="LCSC Part #">C466784</field>
      </fields>
      <libsource lib="Device" part="C_Small" description="Unpolarized capacitor, small symbol"/>
      <sheetpath names="/" tstamps="/"/>
      <tstamp>600C5D40</tstamp>
    </comp>
    <comp ref="C3">
      <value>22uF</value>
      <footprint>Capacitor_SMD:C_0603_1608Metric</footprint>
      <datasheet>~</datasheet>
      <fields>
        <field name="LCSC Part #">C466784</field>
      </fields>
      <libsource lib="Device" part="C_Small" description="Unpolarized capacitor, small symbol"/>
      <sheetpath names="/" tstamps="/"/>
      <tstamp>600DDE1A</tstamp>
    </comp>
    <comp ref="R9">
      <value>1k</value>
      <footprint>Resistor_SMD:R_0603_1608Metric</footprint>
      <datasheet>~</datasheet>
      <fields>
        <field name="LCSC Part #">C336844</field>
      </fields>
      <libsource lib="Device" part="R_Small" description="Resistor, small symbol"/>
      <sheetpath names="/" tstamps="/"/>
      <tstamp>600E4795</tstamp>
    </comp>
    <comp ref="R8">
      <value>7.5k</value>
      <footprint>Resistor_SMD:R_0603_1608Metric</footprint>
      <datasheet>~</datasheet>
      <fields>
        <field name="LCSC Part #">C473241</field>
      </fields>
      <libsource lib="Device" part="R_Small" description="Resistor, small symbol"/>
      <sheetpath names="/" tstamps="/"/>
      <tstamp>600EB83C</tstamp>
    </comp>
    <comp ref="D3">
      <value>SS34LH</value>
      <footprint>Diode_SMD:D_SMA</footprint>
      <datasheet>~</datasheet>
      <fields>
        <field name="LCSC Part #">C432141</field>
      </fields>
      <libsource lib="Device" part="D_Schottky_Small" description="Schottky diode, small symbol"/>
      <sheetpath names="/" tstamps="/"/>
      <tstamp>600F456F</tstamp>
    </comp>
    <comp ref="TP1">
      <value>+5VPAD</value>
      <footprint>TestPoint:TestPoint_Pad_2.0x2.0mm</footprint>
      <datasheet>~</datasheet>
      <libsource lib="Connector" part="TestPoint" description="test point"/>
      <sheetpath names="/" tstamps="/"/>
      <tstamp>6007A327</tstamp>
    </comp>
    <comp ref="TP2">
      <value>-5VPAD</value>
      <footprint>TestPoint:TestPoint_Pad_2.0x2.0mm</footprint>
      <datasheet>~</datasheet>
      <libsource lib="Connector" part="TestPoint" description="test point"/>
      <sheetpath names="/" tstamps="/"/>
      <tstamp>6007AB51</tstamp>
    </comp>
  </components>
  <libparts>
    <libpart lib="Connector" part="TestPoint">
      <description>test point</description>
      <docs>~</docs>
      <footprints>
        <fp>Pin*</fp>
        <fp>Test*</fp>
      </footprints>
      <fields>
        <field name="Reference">TP</field>
        <field name="Value">TestPoint</field>
      </fields>
      <pins>
        <pin num="1" name="1" type="passive"/>
      </pins>
    </libpart>
    <libpart lib="Connector_Generic" part="Conn_01x02">
      <description>Generic connector, single row, 01x02, script generated (kicad-library-utils/schlib/autogen/connector/)</description>
      <docs>~</docs>
      <footprints>
        <fp>Connector*:*_1x??_*</fp>
      </footprints>
      <fields>
        <field name="Reference">J</field>
        <field name="Value">Conn_01x02</field>
      </fields>
      <pins>
        <pin num="1" name="Pin_1" type="passive"/>
        <pin num="2" name="Pin_2" type="passive"/>
      </pins>
    </libpart>
    <libpart lib="Connector_Generic" part="Conn_01x10">
      <description>Generic connector, single row, 01x10, script generated (kicad-library-utils/schlib/autogen/connector/)</description>
      <docs>~</docs>
      <footprints>
        <fp>Connector*:*_1x??_*</fp>
      </footprints>
      <fields>
        <field name="Reference">J</field>
        <field name="Value">Conn_01x10</field>
      </fields>
      <pins>
        <pin num="1" name="Pin_1" type="passive"/>
        <pin num="2" name="Pin_2" type="passive"/>
        <pin num="3" name="Pin_3" type="passive"/>
        <pin num="4" name="Pin_4" type="passive"/>
        <pin num="5" name="Pin_5" type="passive"/>
        <pin num="6" name="Pin_6" type="passive"/>
        <pin num="7" name="Pin_7" type="passive"/>
        <pin num="8" name="Pin_8" type="passive"/>
        <pin num="9" name="Pin_9" type="passive"/>
        <pin num="10" name="Pin_10" type="passive"/>
      </pins>
    </libpart>
    <libpart lib="DW01A" part="DW01A">
      <fields>
        <field name="Reference">IC</field>
        <field name="Value">DW01A</field>
        <field name="Footprint">SOT23-6</field>
        <field name="LCSC">C351410</field>
        <field name="VALUE">DW01A</field>
        <field name="MPN">DW01A</field>
      </fields>
      <pins>
        <pin num="1" name="OD" type="BiDi"/>
        <pin num="2" name="CS" type="BiDi"/>
        <pin num="3" name="OC" type="BiDi"/>
        <pin num="4" name="TD" type="BiDi"/>
        <pin num="5" name="VCC" type="power_in"/>
        <pin num="6" name="GND" type="power_in"/>
      </pins>
    </libpart>
    <libpart lib="Device" part="C_Small">
      <description>Unpolarized capacitor, small symbol</description>
      <docs>~</docs>
      <footprints>
        <fp>C_*</fp>
      </footprints>
      <fields>
        <field name="Reference">C</field>
        <field name="Value">C_Small</field>
      </fields>
      <pins>
        <pin num="1" name="~" type="passive"/>
        <pin num="2" name="~" type="passive"/>
      </pins>
    </libpart>
    <libpart lib="Device" part="D_Schottky_Small">
      <description>Schottky diode, small symbol</description>
      <docs>~</docs>
      <footprints>
        <fp>TO-???*</fp>
        <fp>*_Diode_*</fp>
        <fp>*SingleDiode*</fp>
        <fp>D_*</fp>
      </footprints>
      <fields>
        <field name="Reference">D</field>
        <field name="Value">D_Schottky_Small</field>
      </fields>
      <pins>
        <pin num="1" name="K" type="passive"/>
        <pin num="2" name="A" type="passive"/>
      </pins>
    </libpart>
    <libpart lib="Device" part="LED_Small">
      <description>Light emitting diode, small symbol</description>
      <docs>~</docs>
      <footprints>
        <fp>LED*</fp>
        <fp>LED_SMD:*</fp>
        <fp>LED_THT:*</fp>
      </footprints>
      <fields>
        <field name="Reference">D</field>
        <field name="Value">LED_Small</field>
      </fields>
      <pins>
        <pin num="1" name="K" type="passive"/>
        <pin num="2" name="A" type="passive"/>
      </pins>
    </libpart>
    <libpart lib="Device" part="L_Small">
      <description>Inductor, small symbol</description>
      <docs>~</docs>
      <footprints>
        <fp>Choke_*</fp>
        <fp>*Coil*</fp>
        <fp>Inductor_*</fp>
        <fp>L_*</fp>
      </footprints>
      <fields>
        <field name="Reference">L</field>
        <field name="Value">L_Small</field>
      </fields>
      <pins>
        <pin num="1" name="~" type="passive"/>
        <pin num="2" name="~" type="passive"/>
      </pins>
    </libpart>
    <libpart lib="Device" part="R_Small">
      <description>Resistor, small symbol</description>
      <docs>~</docs>
      <footprints>
        <fp>R_*</fp>
      </footprints>
      <fields>
        <field name="Reference">R</field>
        <field name="Value">R_Small</field>
      </fields>
      <pins>
        <pin num="1" name="~" type="passive"/>
        <pin num="2" name="~" type="passive"/>
      </pins>
    </libpart>
    <libpart lib="Driver_Haptic" part="DRV2605LDGS">
      <description>Haptic driver for LRAs and ERMs with effect library, 2-5.2V, VSSOP-10</description>
      <docs>http://www.ti.com/lit/ds/symlink/drv2605l.pdf</docs>
      <footprints>
        <fp>VSSOP*3x3mm*P0.5mm*</fp>
      </footprints>
      <fields>
        <field name="Reference">U</field>
        <field name="Value">DRV2605LDGS</field>
        <field name="Footprint">Package_SO:VSSOP-10_3x3mm_P0.5mm</field>
      </fields>
      <pins>
        <pin num="1" name="REG" type="passive"/>
        <pin num="2" name="SCL" type="input"/>
        <pin num="3" name="SDA" type="BiDi"/>
        <pin num="4" name="IN/TRIG" type="input"/>
        <pin num="5" name="EN" type="input"/>
        <pin num="6" name="VDD/NC" type="power_in"/>
        <pin num="7" name="OUT+" type="output"/>
        <pin num="8" name="GND" type="power_in"/>
        <pin num="9" name="OUT-" type="output"/>
        <pin num="10" name="VDD" type="power_in"/>
      </pins>
    </libpart>
    <libpart lib="FS8205A" part="FS8205A">
      <fields>
        <field name="Reference">Q</field>
        <field name="Value">FS8205A</field>
        <field name="Footprint">SOP65P640X120-8N</field>
        <field name="STANDARD">IPC 7351B</field>
        <field name="PARTREV">1.7</field>
        <field name="MANUFACTURER">Fortune Semiconductor</field>
        <field name="MAXIMUM_PACKAGE_HEIGHT">1.2mm</field>
      </fields>
      <pins>
        <pin num="1" name="~" type="passive"/>
        <pin num="2" name="~" type="passive"/>
        <pin num="3" name="~" type="passive"/>
        <pin num="4" name="~" type="passive"/>
        <pin num="5" name="~" type="passive"/>
        <pin num="6" name="~" type="passive"/>
        <pin num="7" name="~" type="passive"/>
        <pin num="8" name="~" type="passive"/>
      </pins>
    </libpart>
    <libpart lib="MT3608" part="MT3608">
      <fields>
        <field name="Reference">U</field>
        <field name="Value">MT3608</field>
        <field name="Footprint">SOT95P280X145-6N</field>
        <field name="STANDARD">IPC-7351B</field>
        <field name="MANUFACTURER">Aero Semi</field>
        <field name="PARTREV">1.0</field>
        <field name="MAXIMUM_PACKAGE_HEIGHT">1.45mm</field>
      </fields>
      <pins>
        <pin num="1" name="SW" type="output"/>
        <pin num="2" name="GND" type="power_in"/>
        <pin num="3" name="FB" type="input"/>
        <pin num="4" name="EN" type="input"/>
        <pin num="5" name="IN" type="input"/>
      </pins>
    </libpart>
    <libpart lib="Mechanical" part="MountingHole_Pad">
      <description>Mounting Hole with connection</description>
      <docs>~</docs>
      <footprints>
        <fp>MountingHole*Pad*</fp>
      </footprints>
      <fields>
        <field name="Reference">H</field>
        <field name="Value">MountingHole_Pad</field>
      </fields>
      <pins>
        <pin num="1" name="1" type="input"/>
      </pins>
    </libpart>
    <libpart lib="Seeeduino XIAO" part="SeeeduinoXIAO">
      <fields>
        <field name="Reference">U</field>
        <field name="Value">SeeeduinoXIAO</field>
      </fields>
      <pins>
        <pin num="1" name="PA02_A0_D0" type="unspc"/>
        <pin num="2" name="PA4_A1_D1" type="unspc"/>
        <pin num="3" name="PA10_A2_D2" type="unspc"/>
        <pin num="4" name="PA11_A3_D3" type="unspc"/>
        <pin num="5" name="PA8_A4_D4_SDA" type="unspc"/>
        <pin num="6" name="PA9_A5_D5_SCL" type="unspc"/>
        <pin num="7" name="PB08_A6_D6_TX" type="unspc"/>
        <pin num="8" name="PB09_A7_D7_RX" type="unspc"/>
        <pin num="9" name="PA7_A8_D8_SCK" type="unspc"/>
        <pin num="10" name="PA5_A9_D9_MISO" type="unspc"/>
        <pin num="11" name="PA6_A10_D10_MOSI" type="unspc"/>
        <pin num="12" name="3V3" type="unspc"/>
        <pin num="13" name="GND" type="unspc"/>
        <pin num="14" name="5V" type="unspc"/>
        <pin num="15" name="5V" type="input"/>
        <pin num="16" name="GND" type="input"/>
        <pin num="17" name="PA31_SWDIO" type="input"/>
        <pin num="18" name="PA30_SWCLK" type="input"/>
        <pin num="19" name="RESET" type="input"/>
        <pin num="20" name="GND" type="input"/>
      </pins>
    </libpart>
    <libpart lib="TP4056" part="TP4056">
      <fields>
        <field name="Reference">IC</field>
        <field name="Value">TP4056</field>
        <field name="Footprint">SOP-8</field>
      </fields>
      <pins>
        <pin num="1" name="TEMP" type="BiDi"/>
        <pin num="2" name="PROG" type="BiDi"/>
        <pin num="3" name="GND" type="BiDi"/>
        <pin num="4" name="VCC" type="BiDi"/>
        <pin num="5" name="BAT" type="BiDi"/>
        <pin num="6" name="STDBY" type="BiDi"/>
        <pin num="7" name="CHRG" type="BiDi"/>
        <pin num="8" name="CE" type="BiDi"/>
      </pins>
    </libpart>
  </libparts>
  <libraries>
    <library logical="Connector">
      <uri>D:\Program Files\KiCad\share\kicad\library/Connector.lib</uri>
    </library>
    <library logical="Connector_Generic">
      <uri>D:\Program Files\KiCad\share\kicad\library/Connector_Generic.lib</uri>
    </library>
    <library logical="DW01A">
      <uri>D:\Dropbox\Università\RCA\Robotics\03 - Practice\Wearable Compass\Xiao_Wearable/libraries/DW01A/DW01A.lib</uri>
    </library>
    <library logical="Device">
      <uri>D:\Program Files\KiCad\share\kicad\library/Device.lib</uri>
    </library>
    <library logical="Driver_Haptic">
      <uri>D:\Program Files\KiCad\share\kicad\library/Driver_Haptic.lib</uri>
    </library>
    <library logical="FS8205A">
      <uri>D:\Dropbox\Università\RCA\Robotics\03 - Practice\Wearable Compass\Xiao_Wearable/libraries/FS8205A/FS8205A.lib</uri>
    </library>
    <library logical="MT3608">
      <uri>D:\Dropbox\Università\RCA\Robotics\03 - Practice\Wearable Compass\Xiao_Wearable/libraries/MT3608/MT3608.lib</uri>
    </library>
    <library logical="Mechanical">
      <uri>D:\Program Files\KiCad\share\kicad\library/Mechanical.lib</uri>
    </library>
    <library logical="Seeeduino XIAO">
      <uri>D:\Dropbox\Università\RCA\Robotics\03 - Practice\Wearable Compass\Xiao_Wearable/libraries/Seeeduino XIAO KICAD/Seeeduino XIAO.lib</uri>
    </library>
    <library logical="TP4056">
      <uri>D:\Dropbox\Università\RCA\Robotics\03 - Practice\Wearable Compass\Xiao_Wearable/libraries/TP4056/TP4056.lib</uri>
    </library>
  </libraries>
  <nets>
    <net code="1" name="Net-(IC2-Pad2)">
      <node ref="R3" pin="1"/>
      <node ref="IC2" pin="2"/>
    </net>
    <net code="2" name="+5V">
      <node ref="C1" pin="1"/>
      <node ref="IC2" pin="4"/>
      <node ref="U1" pin="14"/>
    </net>
    <net code="3" name="Net-(IC1-Pad1)">
      <node ref="Q1" pin="4"/>
      <node ref="IC1" pin="1"/>
    </net>
    <net code="4" name="Net-(IC1-Pad2)">
      <node ref="IC1" pin="2"/>
      <node ref="R4" pin="1"/>
    </net>
    <net code="5" name="Net-(IC1-Pad3)">
      <node ref="IC1" pin="3"/>
      <node ref="Q1" pin="5"/>
    </net>
    <net code="6" name="Net-(Q1-Pad1)">
      <node ref="Q1" pin="1"/>
      <node ref="Q1" pin="8"/>
    </net>
    <net code="7" name="Net-(IC1-Pad4)">
      <node ref="IC1" pin="4"/>
    </net>
    <net code="8" name="Net-(C2-Pad1)">
      <node ref="R5" pin="2"/>
      <node ref="IC1" pin="5"/>
      <node ref="C2" pin="1"/>
    </net>
    <net code="9" name="Net-(D1-Pad2)">
      <node ref="IC2" pin="8"/>
      <node ref="D2" pin="2"/>
      <node ref="D1" pin="2"/>
    </net>
    <net code="10" name="GND">
      <node ref="TP2" pin="1"/>
      <node ref="IC2" pin="3"/>
      <node ref="IC2" pin="1"/>
      <node ref="U3" pin="8"/>
      <node ref="C5" pin="2"/>
      <node ref="C6" pin="2"/>
      <node ref="U1" pin="13"/>
      <node ref="H4" pin="1"/>
      <node ref="H3" pin="1"/>
      <node ref="H2" pin="1"/>
      <node ref="H1" pin="1"/>
      <node ref="IC2" pin="7"/>
      <node ref="IC2" pin="6"/>
      <node ref="C4" pin="2"/>
      <node ref="Q1" pin="7"/>
      <node ref="C1" pin="2"/>
      <node ref="C3" pin="2"/>
      <node ref="R4" pin="2"/>
      <node ref="R1" pin="2"/>
      <node ref="R2" pin="2"/>
      <node ref="Q1" pin="6"/>
      <node ref="U2" pin="2"/>
      <node ref="J3" pin="2"/>
      <node ref="R3" pin="2"/>
      <node ref="R9" pin="2"/>
    </net>
    <net code="11" name="Net-(D2-Pad1)">
      <node ref="R2" pin="1"/>
      <node ref="D2" pin="1"/>
    </net>
    <net code="12" name="Net-(D1-Pad1)">
      <node ref="D1" pin="1"/>
      <node ref="R1" pin="1"/>
    </net>
    <net code="13" name="Net-(D3-Pad2)">
      <node ref="D3" pin="2"/>
      <node ref="L1" pin="2"/>
      <node ref="U2" pin="1"/>
    </net>
    <net code="14" name="Net-(C3-Pad1)">
      <node ref="TP1" pin="1"/>
      <node ref="D3" pin="1"/>
      <node ref="C3" pin="1"/>
      <node ref="R8" pin="1"/>
    </net>
    <net code="15" name="Net-(R8-Pad2)">
      <node ref="R8" pin="2"/>
      <node ref="R9" pin="1"/>
      <node ref="U2" pin="3"/>
    </net>
    <net code="16" name="Net-(C2-Pad2)">
      <node ref="J1" pin="2"/>
      <node ref="IC1" pin="6"/>
      <node ref="C2" pin="2"/>
      <node ref="Q1" pin="3"/>
      <node ref="Q1" pin="2"/>
    </net>
    <net code="17" name="BATT">
      <node ref="J1" pin="1"/>
      <node ref="IC2" pin="5"/>
      <node ref="L1" pin="1"/>
      <node ref="U2" pin="4"/>
      <node ref="U2" pin="5"/>
      <node ref="R5" pin="1"/>
      <node ref="C4" pin="1"/>
    </net>
    <net code="18" name="Net-(J2-Pad2)">
      <node ref="U3" pin="9"/>
      <node ref="J2" pin="2"/>
    </net>
    <net code="19" name="Net-(J2-Pad1)">
      <node ref="U3" pin="7"/>
      <node ref="J2" pin="1"/>
    </net>
    <net code="20" name="+3V3">
      <node ref="C5" pin="1"/>
      <node ref="R6" pin="2"/>
      <node ref="J3" pin="1"/>
      <node ref="U1" pin="12"/>
      <node ref="R7" pin="2"/>
      <node ref="U3" pin="10"/>
      <node ref="U3" pin="6"/>
      <node ref="U3" pin="5"/>
    </net>
    <net code="21" name="MTR">
      <node ref="U1" pin="4"/>
      <node ref="U3" pin="4"/>
    </net>
    <net code="22" name="SDA">
      <node ref="R7" pin="1"/>
      <node ref="U3" pin="3"/>
      <node ref="J3" pin="4"/>
      <node ref="U1" pin="5"/>
    </net>
    <net code="23" name="Net-(C6-Pad1)">
      <node ref="U3" pin="1"/>
      <node ref="C6" pin="1"/>
    </net>
    <net code="24" name="SCL">
      <node ref="J3" pin="3"/>
      <node ref="R6" pin="1"/>
      <node ref="U1" pin="6"/>
      <node ref="U3" pin="2"/>
    </net>
    <net code="25" name="Net-(U1-Pad19)">
      <node ref="U1" pin="19"/>
    </net>
    <net code="26" name="Net-(U1-Pad9)">
      <node ref="U1" pin="9"/>
    </net>
    <net code="27" name="Net-(U1-Pad8)">
      <node ref="U1" pin="8"/>
    </net>
    <net code="28" name="Net-(U1-Pad7)">
      <node ref="U1" pin="7"/>
    </net>
    <net code="29" name="Net-(U1-Pad3)">
      <node ref="U1" pin="3"/>
    </net>
    <net code="30" name="Net-(U1-Pad20)">
      <node ref="U1" pin="20"/>
    </net>
    <net code="31" name="Net-(U1-Pad2)">
      <node ref="U1" pin="2"/>
    </net>
    <net code="32" name="Net-(U1-Pad18)">
      <node ref="U1" pin="18"/>
    </net>
    <net code="33" name="Net-(U1-Pad17)">
      <node ref="U1" pin="17"/>
    </net>
    <net code="34" name="Net-(U1-Pad16)">
      <node ref="U1" pin="16"/>
    </net>
    <net code="35" name="Net-(U1-Pad15)">
      <node ref="U1" pin="15"/>
    </net>
    <net code="36" name="Net-(U1-Pad11)">
      <node ref="U1" pin="11"/>
    </net>
    <net code="37" name="Net-(U1-Pad10)">
      <node ref="U1" pin="10"/>
    </net>
    <net code="38" name="Net-(J3-Pad10)">
      <node ref="J3" pin="10"/>
    </net>
    <net code="39" name="Net-(J3-Pad9)">
      <node ref="J3" pin="9"/>
    </net>
    <net code="40" name="Net-(J3-Pad8)">
      <node ref="J3" pin="8"/>
    </net>
    <net code="41" name="Net-(J3-Pad7)">
      <node ref="J3" pin="7"/>
    </net>
    <net code="42" name="Net-(J3-Pad6)">
      <node ref="J3" pin="6"/>
    </net>
    <net code="43" name="Net-(J3-Pad5)">
      <node ref="J3" pin="5"/>
    </net>
    <net code="44" name="Net-(U1-Pad1)">
      <node ref="U1" pin="1"/>
    </net>
  </nets>
</export>
