<?xml version="1.0" encoding="UTF-8"?>
<export version="D">
  <design>
    <source>/Users/d3d/Desktop/ATTINY85_Compass/ATTINY85_Compass.sch</source>
    <date>2020 May 30, Saturday 18:06:22</date>
    <tool>Eeschema (5.1.6-0-10_14)</tool>
    <sheet number="1" name="/" tstamps="/">
      <title_block>
        <title/>
        <company/>
        <rev/>
        <date/>
        <source>ATTINY85_Compass.sch</source>
        <comment number="1" value=""/>
        <comment number="2" value=""/>
        <comment number="3" value=""/>
        <comment number="4" value=""/>
      </title_block>
    </sheet>
  </design>
  <components>
    <comp ref="J2">
      <value>ISP</value>
      <footprint>Connector_PinHeader_2.54mm:PinHeader_2x03_P2.54mm_Vertical</footprint>
      <datasheet>~</datasheet>
      <libsource lib="Connector_Generic" part="Conn_02x03_Odd_Even" description="Generic connector, double row, 02x03, odd/even pin numbering scheme (row 1 odd numbers, row 2 even numbers), script generated (kicad-library-utils/schlib/autogen/connector/)"/>
      <sheetpath names="/" tstamps="/"/>
      <tstamp>5ECC1F84</tstamp>
    </comp>
    <comp ref="J1">
      <value>USB_B_Micro</value>
      <footprint>UJ2-MIBH2-4-SMT-TR:CUI_UJ2-MIBH2-4-SMT-TR</footprint>
      <datasheet>~</datasheet>
      <libsource lib="Connector" part="USB_B_Micro" description="USB Micro Type B connector"/>
      <sheetpath names="/" tstamps="/"/>
      <tstamp>5ECC4628</tstamp>
    </comp>
    <comp ref="U1">
      <value>MCP73831-2-OT</value>
      <footprint>Package_TO_SOT_SMD:SOT-23-5</footprint>
      <datasheet>http://ww1.microchip.com/downloads/en/DeviceDoc/20001984g.pdf</datasheet>
      <libsource lib="Battery_Management" part="MCP73831-2-OT" description="Single cell, Li-Ion/Li-Po charge management controller, 4.20V, Tri-State Status Output, in SOT23-5 package"/>
      <sheetpath names="/" tstamps="/"/>
      <tstamp>5ECC666D</tstamp>
    </comp>
    <comp ref="R3">
      <value>5k</value>
      <footprint>Resistor_SMD:R_0603_1608Metric_Pad1.05x0.95mm_HandSolder</footprint>
      <datasheet>~</datasheet>
      <libsource lib="Device" part="R_Small" description="Resistor, small symbol"/>
      <sheetpath names="/" tstamps="/"/>
      <tstamp>5ECD1F62</tstamp>
    </comp>
    <comp ref="D3">
      <value>GREEN</value>
      <footprint>LED_SMD:LED_0603_1608Metric_Pad1.05x0.95mm_HandSolder</footprint>
      <datasheet>~</datasheet>
      <libsource lib="Device" part="LED_Small" description="Light emitting diode, small symbol"/>
      <sheetpath names="/" tstamps="/"/>
      <tstamp>5ECCE574</tstamp>
    </comp>
    <comp ref="R1">
      <value>1k</value>
      <footprint>Resistor_SMD:R_0603_1608Metric_Pad1.05x0.95mm_HandSolder</footprint>
      <datasheet>~</datasheet>
      <libsource lib="Device" part="R_Small" description="Resistor, small symbol"/>
      <sheetpath names="/" tstamps="/"/>
      <tstamp>5ECCD3FE</tstamp>
    </comp>
    <comp ref="D1">
      <value>RED</value>
      <footprint>LED_SMD:LED_0603_1608Metric_Pad1.05x0.95mm_HandSolder</footprint>
      <datasheet>~</datasheet>
      <libsource lib="Device" part="LED_Small" description="Light emitting diode, small symbol"/>
      <sheetpath names="/" tstamps="/"/>
      <tstamp>5ECC5CA4</tstamp>
    </comp>
    <comp ref="R2">
      <value>1k</value>
      <footprint>Resistor_SMD:R_0603_1608Metric_Pad1.05x0.95mm_HandSolder</footprint>
      <datasheet>~</datasheet>
      <libsource lib="Device" part="R_Small" description="Resistor, small symbol"/>
      <sheetpath names="/" tstamps="/"/>
      <tstamp>5ECC39E6</tstamp>
    </comp>
    <comp ref="C4">
      <value>10uF</value>
      <footprint>Capacitor_SMD:C_0603_1608Metric_Pad1.05x0.95mm_HandSolder</footprint>
      <datasheet>~</datasheet>
      <libsource lib="Device" part="C_Small" description="Unpolarized capacitor, small symbol"/>
      <sheetpath names="/" tstamps="/"/>
      <tstamp>5ECDEB3A</tstamp>
    </comp>
    <comp ref="C3">
      <value>10uF</value>
      <footprint>Capacitor_SMD:C_0603_1608Metric_Pad1.05x0.95mm_HandSolder</footprint>
      <datasheet>~</datasheet>
      <libsource lib="Device" part="C_Small" description="Unpolarized capacitor, small symbol"/>
      <sheetpath names="/" tstamps="/"/>
      <tstamp>5ECCBFB7</tstamp>
    </comp>
    <comp ref="J3">
      <value>BATT</value>
      <footprint>Connector_PinHeader_2.54mm:PinHeader_1x02_P2.54mm_Vertical</footprint>
      <datasheet>~</datasheet>
      <libsource lib="Connector_Generic" part="Conn_01x02" description="Generic connector, single row, 01x02, script generated (kicad-library-utils/schlib/autogen/connector/)"/>
      <sheetpath names="/" tstamps="/"/>
      <tstamp>5ECED7CE</tstamp>
    </comp>
    <comp ref="U3">
      <value>TLV75533PDBV</value>
      <footprint>Package_TO_SOT_SMD:SOT-23-5</footprint>
      <datasheet>http://www.ti.com/lit/ds/symlink/tlv755p.pdf</datasheet>
      <libsource lib="Regulator_Linear" part="TLV75533PDBV" description="500mA Low Dropout Voltage Regulator, Fixed Output 3.3V, SOT-23-5"/>
      <sheetpath names="/" tstamps="/"/>
      <tstamp>5ECEABDE</tstamp>
    </comp>
    <comp ref="C7">
      <value>1uF</value>
      <footprint>Capacitor_SMD:C_0603_1608Metric_Pad1.05x0.95mm_HandSolder</footprint>
      <datasheet>~</datasheet>
      <libsource lib="Device" part="C_Small" description="Unpolarized capacitor, small symbol"/>
      <sheetpath names="/" tstamps="/"/>
      <tstamp>5ECED200</tstamp>
    </comp>
    <comp ref="C8">
      <value>0.47uF</value>
      <footprint>Capacitor_SMD:C_0603_1608Metric_Pad1.05x0.95mm_HandSolder</footprint>
      <datasheet>~</datasheet>
      <libsource lib="Device" part="C_Small" description="Unpolarized capacitor, small symbol"/>
      <sheetpath names="/" tstamps="/"/>
      <tstamp>5ECEED14</tstamp>
    </comp>
    <comp ref="U4">
      <value>LIS3MDL</value>
      <footprint>Package_LGA:LGA-12_2x2mm_P0.5mm</footprint>
      <libsource lib="Sensor_Motion" part="LIS3MDL" description="3-Axis Magnetic Sensor"/>
      <sheetpath names="/" tstamps="/"/>
      <tstamp>5ECF51F2</tstamp>
    </comp>
    <comp ref="R10">
      <value>10k</value>
      <footprint>Resistor_SMD:R_0603_1608Metric_Pad1.05x0.95mm_HandSolder</footprint>
      <datasheet>~</datasheet>
      <libsource lib="Device" part="R_Small" description="Resistor, small symbol"/>
      <sheetpath names="/" tstamps="/"/>
      <tstamp>5ECF5B12</tstamp>
    </comp>
    <comp ref="C11">
      <value>100nF</value>
      <footprint>Capacitor_SMD:C_0603_1608Metric_Pad1.05x0.95mm_HandSolder</footprint>
      <datasheet>~</datasheet>
      <libsource lib="Device" part="C_Small" description="Unpolarized capacitor, small symbol"/>
      <sheetpath names="/" tstamps="/"/>
      <tstamp>5ECF7362</tstamp>
    </comp>
    <comp ref="C10">
      <value>1uF</value>
      <footprint>Capacitor_SMD:C_0603_1608Metric_Pad1.05x0.95mm_HandSolder</footprint>
      <datasheet>~</datasheet>
      <libsource lib="Device" part="C_Small" description="Unpolarized capacitor, small symbol"/>
      <sheetpath names="/" tstamps="/"/>
      <tstamp>5ECFC584</tstamp>
    </comp>
    <comp ref="C12">
      <value>100nF</value>
      <footprint>Capacitor_SMD:C_0603_1608Metric_Pad1.05x0.95mm_HandSolder</footprint>
      <datasheet>~</datasheet>
      <libsource lib="Device" part="C_Small" description="Unpolarized capacitor, small symbol"/>
      <sheetpath names="/" tstamps="/"/>
      <tstamp>5ECFD089</tstamp>
    </comp>
    <comp ref="U2">
      <value>ATmega328P-MU</value>
      <footprint>Package_DFN_QFN:QFN-32-1EP_5x5mm_P0.5mm_EP3.1x3.1mm</footprint>
      <datasheet>http://ww1.microchip.com/downloads/en/DeviceDoc/ATmega328_P%20AVR%20MCU%20with%20picoPower%20Technology%20Data%20Sheet%2040001984A.pdf</datasheet>
      <libsource lib="MCU_Microchip_ATmega" part="ATmega328P-MU" description="20MHz, 32kB Flash, 2kB SRAM, 1kB EEPROM, QFN-32"/>
      <sheetpath names="/" tstamps="/"/>
      <tstamp>5ED02601</tstamp>
    </comp>
    <comp ref="C1">
      <value>100nF</value>
      <footprint>Capacitor_SMD:C_0603_1608Metric_Pad1.05x0.95mm_HandSolder</footprint>
      <datasheet>~</datasheet>
      <libsource lib="Device" part="C_Small" description="Unpolarized capacitor, small symbol"/>
      <sheetpath names="/" tstamps="/"/>
      <tstamp>5ED0F92F</tstamp>
    </comp>
    <comp ref="C2">
      <value>100nF</value>
      <footprint>Capacitor_SMD:C_0603_1608Metric_Pad1.05x0.95mm_HandSolder</footprint>
      <datasheet>~</datasheet>
      <libsource lib="Device" part="C_Small" description="Unpolarized capacitor, small symbol"/>
      <sheetpath names="/" tstamps="/"/>
      <tstamp>5ED114F6</tstamp>
    </comp>
    <comp ref="R5">
      <value>10k</value>
      <footprint>Resistor_SMD:R_0603_1608Metric_Pad1.05x0.95mm_HandSolder</footprint>
      <datasheet>~</datasheet>
      <libsource lib="Device" part="R_Small" description="Resistor, small symbol"/>
      <sheetpath names="/" tstamps="/"/>
      <tstamp>5ED11C85</tstamp>
    </comp>
    <comp ref="R6">
      <value>10k</value>
      <footprint>Resistor_SMD:R_0603_1608Metric_Pad1.05x0.95mm_HandSolder</footprint>
      <datasheet>~</datasheet>
      <libsource lib="Device" part="R_Small" description="Resistor, small symbol"/>
      <sheetpath names="/" tstamps="/"/>
      <tstamp>5ED12D50</tstamp>
    </comp>
    <comp ref="R7">
      <value>10k</value>
      <footprint>Resistor_SMD:R_0603_1608Metric_Pad1.05x0.95mm_HandSolder</footprint>
      <datasheet>~</datasheet>
      <libsource lib="Device" part="R_Small" description="Resistor, small symbol"/>
      <sheetpath names="/" tstamps="/"/>
      <tstamp>5ED1C29C</tstamp>
    </comp>
    <comp ref="R4">
      <value>2.2k</value>
      <footprint>Resistor_SMD:R_0603_1608Metric_Pad1.05x0.95mm_HandSolder</footprint>
      <datasheet>~</datasheet>
      <libsource lib="Device" part="R_Small" description="Resistor, small symbol"/>
      <sheetpath names="/" tstamps="/"/>
      <tstamp>5ECF9D90</tstamp>
    </comp>
    <comp ref="D2">
      <value>LED_Small</value>
      <footprint>LED_SMD:LED_0603_1608Metric_Pad1.05x0.95mm_HandSolder</footprint>
      <datasheet>~</datasheet>
      <libsource lib="Device" part="LED_Small" description="Light emitting diode, small symbol"/>
      <sheetpath names="/" tstamps="/"/>
      <tstamp>5ECFB872</tstamp>
    </comp>
    <comp ref="H1">
      <value>MountingHole_Pad</value>
      <footprint>MountingHole:MountingHole_2.2mm_M2</footprint>
      <datasheet>~</datasheet>
      <libsource lib="Mechanical" part="MountingHole_Pad" description="Mounting Hole with connection"/>
      <sheetpath names="/" tstamps="/"/>
      <tstamp>5ED00C1C</tstamp>
    </comp>
    <comp ref="H2">
      <value>MountingHole_Pad</value>
      <footprint>MountingHole:MountingHole_2.2mm_M2</footprint>
      <datasheet>~</datasheet>
      <libsource lib="Mechanical" part="MountingHole_Pad" description="Mounting Hole with connection"/>
      <sheetpath names="/" tstamps="/"/>
      <tstamp>5ED00FE4</tstamp>
    </comp>
    <comp ref="J4">
      <value>Conn_01x02</value>
      <footprint>Connector_PinHeader_2.54mm:PinHeader_1x02_P2.54mm_Vertical</footprint>
      <datasheet>~</datasheet>
      <libsource lib="Connector_Generic" part="Conn_01x02" description="Generic connector, single row, 01x02, script generated (kicad-library-utils/schlib/autogen/connector/)"/>
      <sheetpath names="/" tstamps="/"/>
      <tstamp>5ED06D6D</tstamp>
    </comp>
    <comp ref="J5">
      <value>Conn_01x02</value>
      <footprint>Connector_PinHeader_2.54mm:PinHeader_1x02_P2.54mm_Vertical</footprint>
      <datasheet>~</datasheet>
      <libsource lib="Connector_Generic" part="Conn_01x02" description="Generic connector, single row, 01x02, script generated (kicad-library-utils/schlib/autogen/connector/)"/>
      <sheetpath names="/" tstamps="/"/>
      <tstamp>5ED07BD8</tstamp>
    </comp>
    <comp ref="Q1">
      <value>DMG2302U</value>
      <footprint>Package_TO_SOT_SMD:SOT-23</footprint>
      <datasheet>http://www.diodes.com/assets/Datasheets/DMG2302U.pdf</datasheet>
      <libsource lib="Transistor_FET" part="DMG2302U" description="4.2A Id, 20V Vds, N-Channel MOSFET, SOT-23"/>
      <sheetpath names="/" tstamps="/"/>
      <tstamp>5ED0AA6D</tstamp>
    </comp>
    <comp ref="R8">
      <value>10k</value>
      <footprint>Resistor_SMD:R_0603_1608Metric_Pad1.05x0.95mm_HandSolder</footprint>
      <datasheet>~</datasheet>
      <libsource lib="Device" part="R_Small" description="Resistor, small symbol"/>
      <sheetpath names="/" tstamps="/"/>
      <tstamp>5ED0D53F</tstamp>
    </comp>
    <comp ref="R9">
      <value>10k</value>
      <footprint>Resistor_SMD:R_0603_1608Metric_Pad1.05x0.95mm_HandSolder</footprint>
      <datasheet>~</datasheet>
      <libsource lib="Device" part="R_Small" description="Resistor, small symbol"/>
      <sheetpath names="/" tstamps="/"/>
      <tstamp>5ED1229E</tstamp>
    </comp>
    <comp ref="J6">
      <value>MTR</value>
      <footprint>Connector_PinHeader_2.54mm:PinHeader_1x02_P2.54mm_Vertical</footprint>
      <datasheet>~</datasheet>
      <libsource lib="Connector_Generic" part="Conn_01x02" description="Generic connector, single row, 01x02, script generated (kicad-library-utils/schlib/autogen/connector/)"/>
      <sheetpath names="/" tstamps="/"/>
      <tstamp>5ED17664</tstamp>
    </comp>
    <comp ref="C9">
      <value>100pF</value>
      <footprint>Capacitor_SMD:C_0603_1608Metric_Pad1.05x0.95mm_HandSolder</footprint>
      <datasheet>~</datasheet>
      <libsource lib="Device" part="C_Small" description="Unpolarized capacitor, small symbol"/>
      <sheetpath names="/" tstamps="/"/>
      <tstamp>5ED183D0</tstamp>
    </comp>
    <comp ref="D4">
      <value>SOT-23-3</value>
      <footprint>Diode_SMD:D_SOT-23_ANK</footprint>
      <datasheet>~</datasheet>
      <libsource lib="Device" part="D_Schottky_Small" description="Schottky diode, small symbol"/>
      <sheetpath names="/" tstamps="/"/>
      <tstamp>5ED1CC5F</tstamp>
    </comp>
    <comp ref="SW1">
      <value>SW_Push</value>
      <footprint>EVP-AWBD2A:SW_EVP-AWBD2A</footprint>
      <datasheet>~</datasheet>
      <libsource lib="Switch" part="SW_Push" description="Push button switch, generic, two pins"/>
      <sheetpath names="/" tstamps="/"/>
      <tstamp>5EE6795C</tstamp>
    </comp>
    <comp ref="Y1">
      <value>AWSCR-8.00CV-T</value>
      <footprint>Crystal:AWSCR-8.00CV-T</footprint>
      <datasheet>~</datasheet>
      <libsource lib="Device" part="Resonator_Small" description="Three pin ceramic resonator, small symbol"/>
      <sheetpath names="/" tstamps="/"/>
      <tstamp>5ED04B63</tstamp>
    </comp>
  </components>
  <libparts>
    <libpart lib="Battery_Management" part="MCP73832-2-OT">
      <aliases>
        <alias>MCP73832-5-OT</alias>
        <alias>MCP73832-4-OT</alias>
        <alias>MCP73832-3-OT</alias>
        <alias>MCP73831-2-OT</alias>
        <alias>MCP73831-5-OT</alias>
        <alias>MCP73831-4-OT</alias>
        <alias>MCP73831-3-OT</alias>
      </aliases>
      <description>Single cell, Li-Ion/Li-Po charge management controller, 4.20V, Open-Drain Status Output, in SOT23-5 package</description>
      <docs>http://ww1.microchip.com/downloads/en/DeviceDoc/20001984g.pdf</docs>
      <footprints>
        <fp>SOT?23*</fp>
      </footprints>
      <fields>
        <field name="Reference">U</field>
        <field name="Value">MCP73832-2-OT</field>
        <field name="Footprint">Package_TO_SOT_SMD:SOT-23-5</field>
      </fields>
      <pins>
        <pin num="1" name="STAT" type="output"/>
        <pin num="2" name="VSS" type="power_in"/>
        <pin num="3" name="VBAT" type="power_out"/>
        <pin num="4" name="VDD" type="power_in"/>
        <pin num="5" name="PROG" type="input"/>
      </pins>
    </libpart>
    <libpart lib="Connector" part="USB_B_Micro">
      <aliases>
        <alias>USB_B_Mini</alias>
      </aliases>
      <description>USB Micro Type B connector</description>
      <docs>~</docs>
      <footprints>
        <fp>USB*</fp>
      </footprints>
      <fields>
        <field name="Reference">J</field>
        <field name="Value">USB_B_Micro</field>
      </fields>
      <pins>
        <pin num="1" name="VBUS" type="power_out"/>
        <pin num="2" name="D-" type="passive"/>
        <pin num="3" name="D+" type="passive"/>
        <pin num="4" name="ID" type="passive"/>
        <pin num="5" name="GND" type="power_out"/>
        <pin num="6" name="Shield" type="passive"/>
      </pins>
    </libpart>
    <libpart lib="Connector_Generic" part="Conn_01x02">
      <description>Generic connector, single row, 01x02, script generated (kicad-library-utils/schlib/autogen/connector/)</description>
      <docs>~</docs>
      <footprints>
        <fp>Connector*:*_1x??_*</fp>
      </footprints>
      <fields>
        <field name="Reference">J</field>
        <field name="Value">Conn_01x02</field>
      </fields>
      <pins>
        <pin num="1" name="Pin_1" type="passive"/>
        <pin num="2" name="Pin_2" type="passive"/>
      </pins>
    </libpart>
    <libpart lib="Connector_Generic" part="Conn_02x03_Odd_Even">
      <description>Generic connector, double row, 02x03, odd/even pin numbering scheme (row 1 odd numbers, row 2 even numbers), script generated (kicad-library-utils/schlib/autogen/connector/)</description>
      <docs>~</docs>
      <footprints>
        <fp>Connector*:*_2x??_*</fp>
      </footprints>
      <fields>
        <field name="Reference">J</field>
        <field name="Value">Conn_02x03_Odd_Even</field>
      </fields>
      <pins>
        <pin num="1" name="Pin_1" type="passive"/>
        <pin num="2" name="Pin_2" type="passive"/>
        <pin num="3" name="Pin_3" type="passive"/>
        <pin num="4" name="Pin_4" type="passive"/>
        <pin num="5" name="Pin_5" type="passive"/>
        <pin num="6" name="Pin_6" type="passive"/>
      </pins>
    </libpart>
    <libpart lib="Device" part="C_Small">
      <description>Unpolarized capacitor, small symbol</description>
      <docs>~</docs>
      <footprints>
        <fp>C_*</fp>
      </footprints>
      <fields>
        <field name="Reference">C</field>
        <field name="Value">C_Small</field>
      </fields>
      <pins>
        <pin num="1" name="~" type="passive"/>
        <pin num="2" name="~" type="passive"/>
      </pins>
    </libpart>
    <libpart lib="Device" part="D_Schottky_Small">
      <description>Schottky diode, small symbol</description>
      <docs>~</docs>
      <footprints>
        <fp>TO-???*</fp>
        <fp>*_Diode_*</fp>
        <fp>*SingleDiode*</fp>
        <fp>D_*</fp>
      </footprints>
      <fields>
        <field name="Reference">D</field>
        <field name="Value">D_Schottky_Small</field>
      </fields>
      <pins>
        <pin num="1" name="K" type="passive"/>
        <pin num="2" name="A" type="passive"/>
      </pins>
    </libpart>
    <libpart lib="Device" part="LED_Small">
      <description>Light emitting diode, small symbol</description>
      <docs>~</docs>
      <footprints>
        <fp>LED*</fp>
        <fp>LED_SMD:*</fp>
        <fp>LED_THT:*</fp>
      </footprints>
      <fields>
        <field name="Reference">D</field>
        <field name="Value">LED_Small</field>
      </fields>
      <pins>
        <pin num="1" name="K" type="passive"/>
        <pin num="2" name="A" type="passive"/>
      </pins>
    </libpart>
    <libpart lib="Device" part="R_Small">
      <description>Resistor, small symbol</description>
      <docs>~</docs>
      <footprints>
        <fp>R_*</fp>
      </footprints>
      <fields>
        <field name="Reference">R</field>
        <field name="Value">R_Small</field>
      </fields>
      <pins>
        <pin num="1" name="~" type="passive"/>
        <pin num="2" name="~" type="passive"/>
      </pins>
    </libpart>
    <libpart lib="Device" part="Resonator_Small">
      <description>Three pin ceramic resonator, small symbol</description>
      <docs>~</docs>
      <footprints>
        <fp>Filter*</fp>
        <fp>Resonator*</fp>
      </footprints>
      <fields>
        <field name="Reference">Y</field>
        <field name="Value">Resonator_Small</field>
      </fields>
      <pins>
        <pin num="1" name="1" type="passive"/>
        <pin num="2" name="2" type="passive"/>
        <pin num="3" name="3" type="passive"/>
      </pins>
    </libpart>
    <libpart lib="MCU_Microchip_ATmega" part="ATmega48PV-10MU">
      <aliases>
        <alias>ATmega48P-20MU</alias>
        <alias>ATmega48A-MU</alias>
        <alias>ATmega48PA-MU</alias>
        <alias>ATmega88PV-10MU</alias>
        <alias>ATmega88P-20MU</alias>
        <alias>ATmega88A-MU</alias>
        <alias>ATmega88PA-MU</alias>
        <alias>ATmega168PV-10MU</alias>
        <alias>ATmega168P-20MU</alias>
        <alias>ATmega168A-MU</alias>
        <alias>ATmega168PA-MU</alias>
        <alias>ATmega328-MU</alias>
        <alias>ATmega328P-MU</alias>
      </aliases>
      <description>10MHz, 4kB Flash, 512B SRAM, 256B EEPROM, QFN-32</description>
      <docs>http://ww1.microchip.com/downloads/en/DeviceDoc/Atmel-8025-8-bit-AVR-Microcontroller-ATmega48P-88P-168P_Datasheet.pdf</docs>
      <footprints>
        <fp>QFN*1EP*5x5mm*P0.5mm*</fp>
      </footprints>
      <fields>
        <field name="Reference">U</field>
        <field name="Value">ATmega48PV-10MU</field>
        <field name="Footprint">Package_DFN_QFN:QFN-32-1EP_5x5mm_P0.5mm_EP3.1x3.1mm</field>
      </fields>
      <pins>
        <pin num="1" name="PD3" type="BiDi"/>
        <pin num="2" name="PD4" type="BiDi"/>
        <pin num="3" name="GND" type="power_in"/>
        <pin num="4" name="VCC" type="power_in"/>
        <pin num="5" name="GND" type="passive"/>
        <pin num="6" name="VCC" type="passive"/>
        <pin num="7" name="XTAL1/PB6" type="BiDi"/>
        <pin num="8" name="XTAL2/PB7" type="BiDi"/>
        <pin num="9" name="PD5" type="BiDi"/>
        <pin num="10" name="PD6" type="BiDi"/>
        <pin num="11" name="PD7" type="BiDi"/>
        <pin num="12" name="PB0" type="BiDi"/>
        <pin num="13" name="PB1" type="BiDi"/>
        <pin num="14" name="PB2" type="BiDi"/>
        <pin num="15" name="PB3" type="BiDi"/>
        <pin num="16" name="PB4" type="BiDi"/>
        <pin num="17" name="PB5" type="BiDi"/>
        <pin num="18" name="AVCC" type="power_in"/>
        <pin num="19" name="ADC6" type="input"/>
        <pin num="20" name="AREF" type="passive"/>
        <pin num="21" name="GND" type="passive"/>
        <pin num="22" name="ADC7" type="input"/>
        <pin num="23" name="PC0" type="BiDi"/>
        <pin num="24" name="PC1" type="BiDi"/>
        <pin num="25" name="PC2" type="BiDi"/>
        <pin num="26" name="PC3" type="BiDi"/>
        <pin num="27" name="PC4" type="BiDi"/>
        <pin num="28" name="PC5" type="BiDi"/>
        <pin num="29" name="~RESET~/PC6" type="BiDi"/>
        <pin num="30" name="PD0" type="BiDi"/>
        <pin num="31" name="PD1" type="BiDi"/>
        <pin num="32" name="PD2" type="BiDi"/>
        <pin num="33" name="GND" type="passive"/>
      </pins>
    </libpart>
    <libpart lib="Mechanical" part="MountingHole_Pad">
      <description>Mounting Hole with connection</description>
      <docs>~</docs>
      <footprints>
        <fp>MountingHole*Pad*</fp>
      </footprints>
      <fields>
        <field name="Reference">H</field>
        <field name="Value">MountingHole_Pad</field>
      </fields>
      <pins>
        <pin num="1" name="1" type="input"/>
      </pins>
    </libpart>
    <libpart lib="Regulator_Linear" part="TLV70012_SOT23-5">
      <aliases>
        <alias>TLV70013_SOT23-5</alias>
        <alias>TLV70015_SOT23-5</alias>
        <alias>TLV70018_SOT23-5</alias>
        <alias>TLV70019_SOT23-5</alias>
        <alias>TLV70025_SOT23-5</alias>
        <alias>TLV70030_SOT23-5</alias>
        <alias>TLV70032_SOT23-5</alias>
        <alias>TLV70033_SOT23-5</alias>
        <alias>TLV70036_SOT23-5</alias>
        <alias>TLV70212_SOT23-5</alias>
        <alias>TLV70215_SOT23-5</alias>
        <alias>TLV70218_SOT23-5</alias>
        <alias>TLV70225_SOT23-5</alias>
        <alias>TLV70228_SOT23-5</alias>
        <alias>TLV70230_SOT23-5</alias>
        <alias>TLV70231_SOT23-5</alias>
        <alias>TLV70233_SOT23-5</alias>
        <alias>TLV70235_SOT23-5</alias>
        <alias>TLV70237_SOT23-5</alias>
        <alias>TLV70245_SOT23-5</alias>
        <alias>TLV71209_SOT23-5</alias>
        <alias>TLV71210_SOT23-5</alias>
        <alias>TLV71211_SOT23-5</alias>
        <alias>TLV71310PDBV</alias>
        <alias>TLV71311PDBV</alias>
        <alias>TLV71312PDBV</alias>
        <alias>TLV71315PDBV</alias>
        <alias>TLV71318PDBV</alias>
        <alias>TLV713185PDBV</alias>
        <alias>TLV71325PDBV</alias>
        <alias>TLV71328PDBV</alias>
        <alias>TLV713285PDBV</alias>
        <alias>TLV71330PDBV</alias>
        <alias>TLV71333PDBV</alias>
        <alias>TLV75509PDBV</alias>
        <alias>TLV75510PDBV</alias>
        <alias>TLV75512PDBV</alias>
        <alias>TLV75515PDBV</alias>
        <alias>TLV75518PDBV</alias>
        <alias>TLV75519PDBV</alias>
        <alias>TLV75525PDBV</alias>
        <alias>TLV75528PDBV</alias>
        <alias>TLV75529PDBV</alias>
        <alias>TLV75530PDBV</alias>
        <alias>TLV75533PDBV</alias>
        <alias>TLV75709PDBV</alias>
        <alias>TLV75710PDBV</alias>
        <alias>TLV75712PDBV</alias>
        <alias>TLV75715PDBV</alias>
        <alias>TLV75718PDBV</alias>
        <alias>TLV75719PDBV</alias>
        <alias>TLV75725PDBV</alias>
        <alias>TLV75728PDBV</alias>
        <alias>TLV75729PDBV</alias>
        <alias>TLV75730PDBV</alias>
        <alias>TLV75733PDBV</alias>
        <alias>TLV702475_SOT23-5</alias>
      </aliases>
      <description>200mA Low Dropout Voltage Regulator, Fixed Output 1.2V, SOT-23-5</description>
      <docs>http://www.ti.com/lit/ds/symlink/tlv700.pdf</docs>
      <footprints>
        <fp>SOT?23*</fp>
      </footprints>
      <fields>
        <field name="Reference">U</field>
        <field name="Value">TLV70012_SOT23-5</field>
        <field name="Footprint">Package_TO_SOT_SMD:SOT-23-5</field>
      </fields>
      <pins>
        <pin num="1" name="IN" type="power_in"/>
        <pin num="2" name="GND" type="power_in"/>
        <pin num="3" name="EN" type="input"/>
        <pin num="4" name="NC" type="NotConnected"/>
        <pin num="5" name="OUT" type="power_out"/>
      </pins>
    </libpart>
    <libpart lib="Sensor_Motion" part="LIS3MDL">
      <description>3-Axis Magnetic Sensor</description>
      <fields>
        <field name="Reference">U</field>
        <field name="Value">LIS3MDL</field>
      </fields>
      <pins>
        <pin num="1" name="SCL" type="unspc"/>
        <pin num="2" name="RES" type="unspc"/>
        <pin num="3" name="GND" type="unspc"/>
        <pin num="4" name="C1" type="unspc"/>
        <pin num="5" name="VDD" type="unspc"/>
        <pin num="6" name="VDD_IO" type="unspc"/>
        <pin num="7" name="INT" type="unspc"/>
        <pin num="8" name="DRDY" type="unspc"/>
        <pin num="9" name="SDO" type="unspc"/>
        <pin num="10" name="CS" type="unspc"/>
        <pin num="11" name="SDA" type="unspc"/>
        <pin num="12" name="RES" type="unspc"/>
      </pins>
    </libpart>
    <libpart lib="Switch" part="SW_Push">
      <description>Push button switch, generic, two pins</description>
      <docs>~</docs>
      <fields>
        <field name="Reference">SW</field>
        <field name="Value">SW_Push</field>
      </fields>
      <pins>
        <pin num="1" name="1" type="passive"/>
        <pin num="2" name="2" type="passive"/>
      </pins>
    </libpart>
    <libpart lib="Transistor_FET" part="BSS138">
      <aliases>
        <alias>2N7002</alias>
        <alias>2N7002E</alias>
        <alias>2N7002H</alias>
        <alias>2N7002K</alias>
        <alias>BS170F</alias>
        <alias>BS870</alias>
        <alias>BSN20</alias>
        <alias>BSS123</alias>
        <alias>BSS127S</alias>
        <alias>DMG2302U</alias>
        <alias>DMG3402L</alias>
        <alias>DMG3404L</alias>
        <alias>DMG3406L</alias>
        <alias>DMG3414U</alias>
        <alias>DMG3418L</alias>
        <alias>DMN10H220L</alias>
        <alias>DMN10H700S</alias>
        <alias>DMN13H750S</alias>
        <alias>DMN2041L</alias>
        <alias>DMN2050L</alias>
        <alias>DMN2056U</alias>
        <alias>DMN2058U</alias>
        <alias>DMN2075U</alias>
        <alias>DMN2230U</alias>
        <alias>DMN24H11DS</alias>
        <alias>DMN24H3D5L</alias>
        <alias>DMN3042L</alias>
        <alias>DMN3051L</alias>
        <alias>DMN30H4D0L</alias>
        <alias>DMN3110S</alias>
        <alias>DMN3150L</alias>
        <alias>DMN3300U</alias>
        <alias>DMN3404L</alias>
        <alias>DMN6075S</alias>
        <alias>DMN6140L</alias>
        <alias>DMN67D7L</alias>
        <alias>DMN67D8L</alias>
        <alias>MMBF170</alias>
        <alias>VN10LF</alias>
        <alias>ZVN3306F</alias>
        <alias>ZVN3310F</alias>
        <alias>ZVN3320F</alias>
        <alias>ZVN4106F</alias>
        <alias>ZXM61N02F</alias>
        <alias>ZXM61N03F</alias>
        <alias>ZXMN10A07F</alias>
        <alias>ZXMN2A01F</alias>
        <alias>ZXMN2A14F</alias>
        <alias>ZXMN2B01F</alias>
        <alias>ZXMN2B14FH</alias>
        <alias>ZXMN2F30FH</alias>
        <alias>ZXMN2F34FH</alias>
        <alias>ZXMN3A01F</alias>
        <alias>ZXMN3A14F</alias>
        <alias>ZXMN3B01F</alias>
        <alias>ZXMN3B14F</alias>
        <alias>ZXMN3F30FH</alias>
        <alias>ZXMN6A07F</alias>
        <alias>IRLML0030</alias>
        <alias>IRLML2060</alias>
        <alias>TSM2302CX</alias>
      </aliases>
      <description>50V Vds, 0.22A Id, N-Channel MOSFET, SOT-23</description>
      <docs>https://www.fairchildsemi.com/datasheets/BS/BSS138.pdf</docs>
      <footprints>
        <fp>SOT?23*</fp>
      </footprints>
      <fields>
        <field name="Reference">Q</field>
        <field name="Value">BSS138</field>
        <field name="Footprint">Package_TO_SOT_SMD:SOT-23</field>
      </fields>
      <pins>
        <pin num="1" name="G" type="input"/>
        <pin num="2" name="S" type="passive"/>
        <pin num="3" name="D" type="passive"/>
      </pins>
    </libpart>
  </libparts>
  <libraries>
    <library logical="Battery_Management">
      <uri>/Library/Application Support/kicad/library/Battery_Management.lib</uri>
    </library>
    <library logical="Connector">
      <uri>/Library/Application Support/kicad/library/Connector.lib</uri>
    </library>
    <library logical="Connector_Generic">
      <uri>/Library/Application Support/kicad/library/Connector_Generic.lib</uri>
    </library>
    <library logical="Device">
      <uri>/Library/Application Support/kicad/library/Device.lib</uri>
    </library>
    <library logical="MCU_Microchip_ATmega">
      <uri>/Library/Application Support/kicad/library/MCU_Microchip_ATmega.lib</uri>
    </library>
    <library logical="Mechanical">
      <uri>/Library/Application Support/kicad/library/Mechanical.lib</uri>
    </library>
    <library logical="Regulator_Linear">
      <uri>/Library/Application Support/kicad/library/Regulator_Linear.lib</uri>
    </library>
    <library logical="Sensor_Motion">
      <uri>/Library/Application Support/kicad/library/Sensor_Motion.lib</uri>
    </library>
    <library logical="Switch">
      <uri>/Library/Application Support/kicad/library/Switch.lib</uri>
    </library>
    <library logical="Transistor_FET">
      <uri>/Library/Application Support/kicad/library/Transistor_FET.lib</uri>
    </library>
  </libraries>
  <nets>
    <net code="1" name="GND">
      <node ref="Y1" pin="2"/>
      <node ref="C11" pin="2"/>
      <node ref="H1" pin="1"/>
      <node ref="J2" pin="6"/>
      <node ref="J1" pin="5"/>
      <node ref="U4" pin="3"/>
      <node ref="U2" pin="3"/>
      <node ref="U1" pin="2"/>
      <node ref="R9" pin="1"/>
      <node ref="Q1" pin="2"/>
      <node ref="U2" pin="33"/>
      <node ref="R3" pin="1"/>
      <node ref="U2" pin="5"/>
      <node ref="U2" pin="21"/>
      <node ref="C1" pin="1"/>
      <node ref="D3" pin="1"/>
      <node ref="U4" pin="2"/>
      <node ref="U4" pin="12"/>
      <node ref="R4" pin="1"/>
      <node ref="C2" pin="1"/>
      <node ref="C4" pin="1"/>
      <node ref="C3" pin="2"/>
      <node ref="J3" pin="2"/>
      <node ref="C8" pin="1"/>
      <node ref="SW1" pin="2"/>
      <node ref="U3" pin="2"/>
      <node ref="C10" pin="2"/>
      <node ref="C7" pin="1"/>
      <node ref="H2" pin="1"/>
      <node ref="C12" pin="2"/>
    </net>
    <net code="2" name="MISO">
      <node ref="J2" pin="1"/>
      <node ref="U2" pin="16"/>
    </net>
    <net code="3" name="SCK">
      <node ref="U2" pin="17"/>
      <node ref="J2" pin="3"/>
    </net>
    <net code="4" name="MOSI">
      <node ref="U2" pin="15"/>
      <node ref="J2" pin="4"/>
    </net>
    <net code="5" name="RST">
      <node ref="U2" pin="29"/>
      <node ref="J2" pin="5"/>
      <node ref="R7" pin="1"/>
      <node ref="SW1" pin="1"/>
    </net>
    <net code="6" name="Net-(J1-Pad2)">
      <node ref="J1" pin="2"/>
    </net>
    <net code="7" name="Net-(J1-Pad3)">
      <node ref="J1" pin="3"/>
    </net>
    <net code="8" name="Net-(J1-Pad4)">
      <node ref="J1" pin="4"/>
    </net>
    <net code="9" name="Net-(J1-Pad6)">
      <node ref="J1" pin="6"/>
    </net>
    <net code="10" name="VBAT">
      <node ref="C4" pin="2"/>
      <node ref="J3" pin="1"/>
      <node ref="U1" pin="3"/>
      <node ref="C7" pin="2"/>
      <node ref="U3" pin="1"/>
      <node ref="U3" pin="3"/>
    </net>
    <net code="11" name="Net-(R3-Pad2)">
      <node ref="R3" pin="2"/>
      <node ref="U1" pin="5"/>
    </net>
    <net code="12" name="Net-(D3-Pad2)">
      <node ref="R1" pin="1"/>
      <node ref="D3" pin="2"/>
    </net>
    <net code="13" name="Net-(D1-Pad1)">
      <node ref="R2" pin="1"/>
      <node ref="D1" pin="1"/>
    </net>
    <net code="14" name="VBUS">
      <node ref="U1" pin="4"/>
      <node ref="C3" pin="1"/>
      <node ref="J1" pin="1"/>
      <node ref="D1" pin="2"/>
    </net>
    <net code="15" name="Net-(R1-Pad2)">
      <node ref="U1" pin="1"/>
      <node ref="R2" pin="2"/>
      <node ref="R1" pin="2"/>
    </net>
    <net code="16" name="Net-(U3-Pad4)">
      <node ref="U3" pin="4"/>
    </net>
    <net code="17" name="SCL">
      <node ref="R5" pin="1"/>
      <node ref="U4" pin="1"/>
      <node ref="U2" pin="28"/>
    </net>
    <net code="18" name="Net-(R10-Pad2)">
      <node ref="R10" pin="2"/>
      <node ref="U4" pin="10"/>
    </net>
    <net code="19" name="SDA">
      <node ref="U4" pin="11"/>
      <node ref="U2" pin="27"/>
      <node ref="R6" pin="1"/>
    </net>
    <net code="20" name="C1">
      <node ref="U4" pin="4"/>
      <node ref="C12" pin="1"/>
    </net>
    <net code="21" name="Net-(U4-Pad7)">
      <node ref="U4" pin="7"/>
    </net>
    <net code="22" name="Net-(U4-Pad8)">
      <node ref="U4" pin="8"/>
    </net>
    <net code="23" name="Net-(U4-Pad9)">
      <node ref="U4" pin="9"/>
    </net>
    <net code="24" name="PD3">
      <node ref="J5" pin="2"/>
      <node ref="U2" pin="1"/>
    </net>
    <net code="25" name="Net-(U2-Pad10)">
      <node ref="U2" pin="10"/>
    </net>
    <net code="26" name="Net-(U2-Pad11)">
      <node ref="U2" pin="11"/>
    </net>
    <net code="27" name="Net-(U2-Pad12)">
      <node ref="U2" pin="12"/>
    </net>
    <net code="28" name="Net-(U2-Pad14)">
      <node ref="U2" pin="14"/>
    </net>
    <net code="29" name="Net-(U2-Pad19)">
      <node ref="U2" pin="19"/>
    </net>
    <net code="30" name="Net-(U2-Pad2)">
      <node ref="U2" pin="2"/>
    </net>
    <net code="31" name="AREF">
      <node ref="C1" pin="2"/>
      <node ref="U2" pin="20"/>
    </net>
    <net code="32" name="Net-(U2-Pad22)">
      <node ref="U2" pin="22"/>
    </net>
    <net code="33" name="Net-(U2-Pad23)">
      <node ref="U2" pin="23"/>
    </net>
    <net code="34" name="LED">
      <node ref="U2" pin="24"/>
      <node ref="D2" pin="2"/>
    </net>
    <net code="35" name="PD0">
      <node ref="J4" pin="1"/>
      <node ref="U2" pin="25"/>
    </net>
    <net code="36" name="PD1">
      <node ref="J4" pin="2"/>
      <node ref="U2" pin="26"/>
    </net>
    <net code="37" name="Net-(U2-Pad30)">
      <node ref="U2" pin="30"/>
    </net>
    <net code="38" name="Net-(U2-Pad31)">
      <node ref="U2" pin="31"/>
    </net>
    <net code="39" name="PD2">
      <node ref="U2" pin="32"/>
      <node ref="J5" pin="1"/>
    </net>
    <net code="40" name="+3V3">
      <node ref="R7" pin="2"/>
      <node ref="R6" pin="2"/>
      <node ref="R5" pin="2"/>
      <node ref="C2" pin="2"/>
      <node ref="U2" pin="6"/>
      <node ref="J2" pin="2"/>
      <node ref="U2" pin="4"/>
      <node ref="U3" pin="5"/>
      <node ref="C8" pin="2"/>
      <node ref="U2" pin="18"/>
      <node ref="U4" pin="5"/>
      <node ref="U4" pin="6"/>
      <node ref="R10" pin="1"/>
      <node ref="C11" pin="1"/>
      <node ref="C10" pin="1"/>
    </net>
    <net code="41" name="XTAL1">
      <node ref="U2" pin="7"/>
      <node ref="Y1" pin="1"/>
    </net>
    <net code="42" name="XTAL2">
      <node ref="Y1" pin="3"/>
      <node ref="U2" pin="8"/>
    </net>
    <net code="43" name="Net-(U2-Pad9)">
      <node ref="U2" pin="9"/>
    </net>
    <net code="44" name="Net-(D2-Pad1)">
      <node ref="R4" pin="2"/>
      <node ref="D2" pin="1"/>
    </net>
    <net code="45" name="MTR">
      <node ref="R8" pin="1"/>
      <node ref="U2" pin="13"/>
    </net>
    <net code="46" name="Net-(Q1-Pad1)">
      <node ref="Q1" pin="1"/>
      <node ref="R8" pin="2"/>
      <node ref="R9" pin="2"/>
    </net>
    <net code="47" name="Net-(C9-Pad2)">
      <node ref="J6" pin="1"/>
      <node ref="C9" pin="2"/>
      <node ref="D4" pin="1"/>
    </net>
    <net code="48" name="Net-(C9-Pad1)">
      <node ref="J6" pin="2"/>
      <node ref="C9" pin="1"/>
      <node ref="D4" pin="2"/>
      <node ref="Q1" pin="3"/>
    </net>
  </nets>
</export>
