<?xml version="1.0" encoding="UTF-8"?>
<export version="D">
  <design>
    <source>D:\Dropbox\Università\RCA\Robotics\03 - Practice\Wearable Compass\ATMEGA328_Compass - V4\ATMEGA328_Compass - V4.sch</source>
    <date>06/01/2021 13:47:37</date>
    <tool>Eeschema (5.1.6)-1</tool>
    <sheet number="1" name="/" tstamps="/">
      <title_block>
        <title/>
        <company/>
        <rev/>
        <date/>
        <source>ATMEGA328_Compass - V4.sch</source>
        <comment number="1" value=""/>
        <comment number="2" value=""/>
        <comment number="3" value=""/>
        <comment number="4" value=""/>
      </title_block>
    </sheet>
  </design>
  <components>
    <comp ref="U6">
      <value>ICM-20948</value>
      <footprint>Sensor_Motion:InvenSense_QFN-24_3x3mm_P0.4mm</footprint>
      <datasheet>http://www.invensense.com/wp-content/uploads/2016/06/DS-000189-ICM-20948-v1.3.pdf</datasheet>
      <libsource lib="Sensor_Motion" part="ICM-20948" description="InvenSense 9-Axis Motion Sensor, Accelerometer, Gyroscope, Compass, I2C/SPI, QFN-24"/>
      <sheetpath names="/" tstamps="/"/>
      <tstamp>5FB5889D</tstamp>
    </comp>
    <comp ref="C11">
      <value>0.1uF</value>
      <footprint>Capacitor_SMD:C_0603_1608Metric_Pad1.05x0.95mm_HandSolder</footprint>
      <datasheet>~</datasheet>
      <libsource lib="Device" part="C_Small" description="Unpolarized capacitor, small symbol"/>
      <sheetpath names="/" tstamps="/"/>
      <tstamp>5FB5BE33</tstamp>
    </comp>
    <comp ref="R4">
      <value>10K</value>
      <footprint>Resistor_SMD:R_0603_1608Metric_Pad1.05x0.95mm_HandSolder</footprint>
      <datasheet>~</datasheet>
      <libsource lib="Device" part="R_Small" description="Resistor, small symbol"/>
      <sheetpath names="/" tstamps="/"/>
      <tstamp>5FB5BFB2</tstamp>
    </comp>
    <comp ref="R7">
      <value>10K</value>
      <footprint>Resistor_SMD:R_0603_1608Metric_Pad1.05x0.95mm_HandSolder</footprint>
      <datasheet>~</datasheet>
      <libsource lib="Device" part="R_Small" description="Resistor, small symbol"/>
      <sheetpath names="/" tstamps="/"/>
      <tstamp>5FB5DA69</tstamp>
    </comp>
    <comp ref="Q3">
      <value>BSS138</value>
      <footprint>Package_TO_SOT_SMD:SOT-23</footprint>
      <datasheet>https://www.fairchildsemi.com/datasheets/BS/BSS138.pdf</datasheet>
      <libsource lib="Transistor_FET" part="BSS138" description="50V Vds, 0.22A Id, N-Channel MOSFET, SOT-23"/>
      <sheetpath names="/" tstamps="/"/>
      <tstamp>5FB71EFF</tstamp>
    </comp>
    <comp ref="Q1">
      <value>BSS138</value>
      <footprint>Package_TO_SOT_SMD:SOT-23</footprint>
      <datasheet>https://www.fairchildsemi.com/datasheets/BS/BSS138.pdf</datasheet>
      <libsource lib="Transistor_FET" part="BSS138" description="50V Vds, 0.22A Id, N-Channel MOSFET, SOT-23"/>
      <sheetpath names="/" tstamps="/"/>
      <tstamp>5FB82DA9</tstamp>
    </comp>
    <comp ref="Q2">
      <value>BSS138</value>
      <footprint>Package_TO_SOT_SMD:SOT-23</footprint>
      <datasheet>https://www.fairchildsemi.com/datasheets/BS/BSS138.pdf</datasheet>
      <libsource lib="Transistor_FET" part="BSS138" description="50V Vds, 0.22A Id, N-Channel MOSFET, SOT-23"/>
      <sheetpath names="/" tstamps="/"/>
      <tstamp>5FB86566</tstamp>
    </comp>
    <comp ref="RN1">
      <value>10K</value>
      <footprint>Libraries:RESCAV80P320X155X60-8N</footprint>
      <datasheet>http://www.vishay.com/docs/31509/csc.pdf</datasheet>
      <libsource lib="Device" part="R_Pack04_SIP_Split" description="4 resistor network, parallel topology, SIP package, split"/>
      <sheetpath names="/" tstamps="/"/>
      <tstamp>5FB8A2CB</tstamp>
    </comp>
    <comp ref="U5">
      <value>MIC5205-21.8YM5-TR</value>
      <footprint>Package_TO_SOT_SMD:SOT-23-5</footprint>
      <datasheet>http://ww1.microchip.com/downloads/en/DeviceDoc/20005785A.pdf</datasheet>
      <libsource lib="Regulator_Linear" part="MIC5205-2.5YM5" description="150mA low dropout linear regulator, fixed 2.5V output, SOT-23-5"/>
      <sheetpath names="/" tstamps="/"/>
      <tstamp>5FBE2CD0</tstamp>
    </comp>
    <comp ref="C9">
      <value>10uF</value>
      <footprint>Capacitor_SMD:C_0603_1608Metric_Pad1.05x0.95mm_HandSolder</footprint>
      <datasheet>~</datasheet>
      <libsource lib="Device" part="C_Small" description="Unpolarized capacitor, small symbol"/>
      <sheetpath names="/" tstamps="/"/>
      <tstamp>5FBE3F9D</tstamp>
    </comp>
    <comp ref="C10">
      <value>10uF</value>
      <footprint>Capacitor_SMD:C_0603_1608Metric_Pad1.05x0.95mm_HandSolder</footprint>
      <datasheet>~</datasheet>
      <libsource lib="Device" part="C_Small" description="Unpolarized capacitor, small symbol"/>
      <sheetpath names="/" tstamps="/"/>
      <tstamp>5FBEC188</tstamp>
    </comp>
    <comp ref="C12">
      <value>0.1uF</value>
      <footprint>Capacitor_SMD:C_0603_1608Metric_Pad1.05x0.95mm_HandSolder</footprint>
      <datasheet>~</datasheet>
      <libsource lib="Device" part="C_Small" description="Unpolarized capacitor, small symbol"/>
      <sheetpath names="/" tstamps="/"/>
      <tstamp>5FBF2C85</tstamp>
    </comp>
    <comp ref="U4">
      <value>MCP73831-2-OT</value>
      <footprint>Package_TO_SOT_SMD:SOT-23-5</footprint>
      <datasheet>http://ww1.microchip.com/downloads/en/DeviceDoc/20001984g.pdf</datasheet>
      <libsource lib="Battery_Management" part="MCP73831-2-OT" description="Single cell, Li-Ion/Li-Po charge management controller, 4.20V, Tri-State Status Output, in SOT23-5 package"/>
      <sheetpath names="/" tstamps="/"/>
      <tstamp>5FC00DF1</tstamp>
    </comp>
    <comp ref="C7">
      <value>10uF</value>
      <footprint>Capacitor_SMD:C_0603_1608Metric_Pad1.05x0.95mm_HandSolder</footprint>
      <datasheet>~</datasheet>
      <libsource lib="Device" part="C_Small" description="Unpolarized capacitor, small symbol"/>
      <sheetpath names="/" tstamps="/"/>
      <tstamp>5FC0845C</tstamp>
    </comp>
    <comp ref="R5">
      <value>1K</value>
      <footprint>Resistor_SMD:R_0603_1608Metric_Pad1.05x0.95mm_HandSolder</footprint>
      <datasheet>~</datasheet>
      <libsource lib="Device" part="R_Small" description="Resistor, small symbol"/>
      <sheetpath names="/" tstamps="/"/>
      <tstamp>5FC1184F</tstamp>
    </comp>
    <comp ref="R6">
      <value>1K</value>
      <footprint>Resistor_SMD:R_0603_1608Metric_Pad1.05x0.95mm_HandSolder</footprint>
      <datasheet>~</datasheet>
      <libsource lib="Device" part="R_Small" description="Resistor, small symbol"/>
      <sheetpath names="/" tstamps="/"/>
      <tstamp>5FC12F8C</tstamp>
    </comp>
    <comp ref="D5">
      <value>RED</value>
      <footprint>LED_SMD:LED_0603_1608Metric_Pad1.05x0.95mm_HandSolder</footprint>
      <datasheet>~</datasheet>
      <libsource lib="Device" part="LED_Small" description="Light emitting diode, small symbol"/>
      <sheetpath names="/" tstamps="/"/>
      <tstamp>5FC132BF</tstamp>
    </comp>
    <comp ref="D6">
      <value>GREEN</value>
      <footprint>LED_SMD:LED_0603_1608Metric_Pad1.05x0.95mm_HandSolder</footprint>
      <datasheet>~</datasheet>
      <libsource lib="Device" part="LED_Small" description="Light emitting diode, small symbol"/>
      <sheetpath names="/" tstamps="/"/>
      <tstamp>5FC14EA1</tstamp>
    </comp>
    <comp ref="C8">
      <value>10uF</value>
      <footprint>Capacitor_SMD:C_0603_1608Metric_Pad1.05x0.95mm_HandSolder</footprint>
      <datasheet>~</datasheet>
      <libsource lib="Device" part="C_Small" description="Unpolarized capacitor, small symbol"/>
      <sheetpath names="/" tstamps="/"/>
      <tstamp>5FC24B9A</tstamp>
    </comp>
    <comp ref="J1">
      <value>USB_B_Micro</value>
      <footprint>Connector_USB:USB_Micro-B_Molex-105017-0001</footprint>
      <datasheet>~</datasheet>
      <libsource lib="Connector" part="USB_B_Micro" description="USB Micro Type B connector"/>
      <sheetpath names="/" tstamps="/"/>
      <tstamp>5FC2DEAD</tstamp>
    </comp>
    <comp ref="BAT1">
      <value>Conn_01x02</value>
      <footprint>Connector_PinHeader_1.27mm:PinHeader_1x02_P1.27mm_Vertical</footprint>
      <datasheet>~</datasheet>
      <libsource lib="Connector_Generic" part="Conn_01x02" description="Generic connector, single row, 01x02, script generated (kicad-library-utils/schlib/autogen/connector/)"/>
      <sheetpath names="/" tstamps="/"/>
      <tstamp>5FC42C39</tstamp>
    </comp>
    <comp ref="R2">
      <value>68R</value>
      <footprint>Resistor_SMD:R_0603_1608Metric_Pad1.05x0.95mm_HandSolder</footprint>
      <datasheet>~</datasheet>
      <libsource lib="Device" part="R_Small" description="Resistor, small symbol"/>
      <sheetpath names="/" tstamps="/"/>
      <tstamp>5FC4DC02</tstamp>
    </comp>
    <comp ref="R3">
      <value>68R</value>
      <footprint>Resistor_SMD:R_0603_1608Metric_Pad1.05x0.95mm_HandSolder</footprint>
      <datasheet>~</datasheet>
      <libsource lib="Device" part="R_Small" description="Resistor, small symbol"/>
      <sheetpath names="/" tstamps="/"/>
      <tstamp>5FC4E2DE</tstamp>
    </comp>
    <comp ref="U3">
      <value>DRV2605LDGS</value>
      <footprint>Package_SO:VSSOP-10_3x3mm_P0.5mm</footprint>
      <datasheet>http://www.ti.com/lit/ds/symlink/drv2605l.pdf</datasheet>
      <libsource lib="Driver_Haptic" part="DRV2605LDGS" description="Haptic driver for LRAs and ERMs with effect library, 2-5.2V, VSSOP-10"/>
      <sheetpath names="/" tstamps="/"/>
      <tstamp>5FC8C7CC</tstamp>
    </comp>
    <comp ref="C6">
      <value>1uF</value>
      <footprint>Capacitor_SMD:C_0603_1608Metric_Pad1.05x0.95mm_HandSolder</footprint>
      <datasheet>~</datasheet>
      <libsource lib="Device" part="C_Small" description="Unpolarized capacitor, small symbol"/>
      <sheetpath names="/" tstamps="/"/>
      <tstamp>5FC94376</tstamp>
    </comp>
    <comp ref="C5">
      <value>1uF</value>
      <footprint>Capacitor_SMD:C_0603_1608Metric_Pad1.05x0.95mm_HandSolder</footprint>
      <datasheet>~</datasheet>
      <libsource lib="Device" part="C_Small" description="Unpolarized capacitor, small symbol"/>
      <sheetpath names="/" tstamps="/"/>
      <tstamp>5FC9F574</tstamp>
    </comp>
    <comp ref="MTR1">
      <value>Conn_01x02</value>
      <footprint>Connector_PinHeader_1.27mm:PinHeader_1x02_P1.27mm_Vertical</footprint>
      <datasheet>~</datasheet>
      <libsource lib="Connector_Generic" part="Conn_01x02" description="Generic connector, single row, 01x02, script generated (kicad-library-utils/schlib/autogen/connector/)"/>
      <sheetpath names="/" tstamps="/"/>
      <tstamp>5FCB372F</tstamp>
    </comp>
    <comp ref="U1">
      <value>ATmega328P-MU</value>
      <footprint>Package_DFN_QFN:QFN-32-1EP_5x5mm_P0.5mm_EP3.1x3.1mm</footprint>
      <datasheet>http://ww1.microchip.com/downloads/en/DeviceDoc/ATmega328_P%20AVR%20MCU%20with%20picoPower%20Technology%20Data%20Sheet%2040001984A.pdf</datasheet>
      <libsource lib="MCU_Microchip_ATmega" part="ATmega328P-MU" description="20MHz, 32kB Flash, 2kB SRAM, 1kB EEPROM, QFN-32"/>
      <sheetpath names="/" tstamps="/"/>
      <tstamp>5FCC726F</tstamp>
    </comp>
    <comp ref="Y1">
      <value>12MHz</value>
      <footprint>Crystal:Resonator_SMD_muRata_CSTxExxV-3Pin_3.0x1.1mm_HandSoldering</footprint>
      <datasheet>~</datasheet>
      <libsource lib="Device" part="Resonator_Small" description="Three pin ceramic resonator, small symbol"/>
      <sheetpath names="/" tstamps="/"/>
      <tstamp>5FCCFB7B</tstamp>
    </comp>
    <comp ref="SW1">
      <value>SW_Push</value>
      <footprint>Button_Switch_SMD:SW_SPST_Omron_B3FS-100xP</footprint>
      <datasheet>~</datasheet>
      <libsource lib="Switch" part="SW_Push" description="Push button switch, generic, two pins"/>
      <sheetpath names="/" tstamps="/"/>
      <tstamp>5FCE30FF</tstamp>
    </comp>
    <comp ref="R1">
      <value>10K</value>
      <footprint>Resistor_SMD:R_0603_1608Metric_Pad1.05x0.95mm_HandSolder</footprint>
      <datasheet>~</datasheet>
      <libsource lib="Device" part="R_Small" description="Resistor, small symbol"/>
      <sheetpath names="/" tstamps="/"/>
      <tstamp>5FCEA186</tstamp>
    </comp>
    <comp ref="C2">
      <value>0.1uF</value>
      <footprint>Capacitor_SMD:C_0603_1608Metric_Pad1.05x0.95mm_HandSolder</footprint>
      <datasheet>~</datasheet>
      <libsource lib="Device" part="C_Small" description="Unpolarized capacitor, small symbol"/>
      <sheetpath names="/" tstamps="/"/>
      <tstamp>5FCEB8E1</tstamp>
    </comp>
    <comp ref="FTDI1">
      <value>Conn_01x06</value>
      <footprint>Connector_PinSocket_2.54mm:PinSocket_1x06_P2.54mm_Vertical</footprint>
      <datasheet>~</datasheet>
      <libsource lib="Connector_Generic" part="Conn_01x06" description="Generic connector, single row, 01x06, script generated (kicad-library-utils/schlib/autogen/connector/)"/>
      <sheetpath names="/" tstamps="/"/>
      <tstamp>5FCEC34C</tstamp>
    </comp>
    <comp ref="C1">
      <value>0.1uF</value>
      <footprint>Capacitor_SMD:C_0603_1608Metric_Pad1.05x0.95mm_HandSolder</footprint>
      <datasheet>~</datasheet>
      <libsource lib="Device" part="C_Small" description="Unpolarized capacitor, small symbol"/>
      <sheetpath names="/" tstamps="/"/>
      <tstamp>5FD3190D</tstamp>
    </comp>
    <comp ref="D2">
      <value>RED</value>
      <footprint>LED_SMD:LED_0603_1608Metric_Pad1.05x0.95mm_HandSolder</footprint>
      <datasheet>~</datasheet>
      <libsource lib="Device" part="LED_Small" description="Light emitting diode, small symbol"/>
      <sheetpath names="/" tstamps="/"/>
      <tstamp>5FD5E73D</tstamp>
    </comp>
    <comp ref="D1">
      <value>Schottky</value>
      <footprint>Diode_SMD:D_0603_1608Metric_Pad1.05x0.95mm_HandSolder</footprint>
      <datasheet>~</datasheet>
      <libsource lib="Device" part="D_Schottky_Small" description="Schottky diode, small symbol"/>
      <sheetpath names="/" tstamps="/"/>
      <tstamp>5FD659B0</tstamp>
    </comp>
    <comp ref="D3">
      <value>Schottky</value>
      <footprint>Diode_SMD:D_0603_1608Metric_Pad1.05x0.95mm_HandSolder</footprint>
      <datasheet>~</datasheet>
      <libsource lib="Device" part="D_Schottky_Small" description="Schottky diode, small symbol"/>
      <sheetpath names="/" tstamps="/"/>
      <tstamp>5FD668A4</tstamp>
    </comp>
    <comp ref="C3">
      <value>10uF</value>
      <footprint>Capacitor_SMD:C_0603_1608Metric_Pad1.05x0.95mm_HandSolder</footprint>
      <datasheet>~</datasheet>
      <libsource lib="Device" part="C_Small" description="Unpolarized capacitor, small symbol"/>
      <sheetpath names="/" tstamps="/"/>
      <tstamp>5FD6871E</tstamp>
    </comp>
    <comp ref="U2">
      <value>MIC5225-3.3</value>
      <footprint>Package_TO_SOT_SMD:SOT-23-5</footprint>
      <datasheet>http://ww1.microchip.com/downloads/en/DeviceDoc/20005785A.pdf</datasheet>
      <libsource lib="Regulator_Linear" part="MIC5205-3.3YM5" description="150mA low dropout linear regulator, fixed 3.3V output, SOT-23-5"/>
      <sheetpath names="/" tstamps="/"/>
      <tstamp>5FD69093</tstamp>
    </comp>
    <comp ref="D4">
      <value>GREEN</value>
      <footprint>LED_SMD:LED_0603_1608Metric_Pad1.05x0.95mm_HandSolder</footprint>
      <datasheet>~</datasheet>
      <libsource lib="Device" part="LED_Small" description="Light emitting diode, small symbol"/>
      <sheetpath names="/" tstamps="/"/>
      <tstamp>5FDB9746</tstamp>
    </comp>
    <comp ref="C4">
      <value>10uF</value>
      <footprint>Capacitor_SMD:C_0603_1608Metric_Pad1.05x0.95mm_HandSolder</footprint>
      <datasheet>~</datasheet>
      <libsource lib="Device" part="C_Small" description="Unpolarized capacitor, small symbol"/>
      <sheetpath names="/" tstamps="/"/>
      <tstamp>5FDC2558</tstamp>
    </comp>
    <comp ref="JP1">
      <value>INT_SELECT</value>
      <footprint>Jumper:SolderJumper-3_P1.3mm_Bridged2Bar12_Pad1.0x1.5mm</footprint>
      <datasheet>~</datasheet>
      <libsource lib="Jumper" part="SolderJumper_3_Bridged12" description="3-pole Solder Jumper, pins 1+2 closed/bridged"/>
      <sheetpath names="/" tstamps="/"/>
      <tstamp>5FE18870</tstamp>
    </comp>
    <comp ref="R8">
      <value>4.7K</value>
      <footprint>Resistor_SMD:R_0603_1608Metric_Pad1.05x0.95mm_HandSolder</footprint>
      <datasheet>~</datasheet>
      <libsource lib="Device" part="R_Small" description="Resistor, small symbol"/>
      <sheetpath names="/" tstamps="/"/>
      <tstamp>5FF0473F</tstamp>
    </comp>
    <comp ref="R9">
      <value>4.7K</value>
      <footprint>Resistor_SMD:R_0603_1608Metric_Pad1.05x0.95mm_HandSolder</footprint>
      <datasheet>~</datasheet>
      <libsource lib="Device" part="R_Small" description="Resistor, small symbol"/>
      <sheetpath names="/" tstamps="/"/>
      <tstamp>5FF04F0E</tstamp>
    </comp>
    <comp ref="H1">
      <value>M2</value>
      <footprint>MountingHole:MountingHole_2.2mm_M2_DIN965_Pad</footprint>
      <datasheet>~</datasheet>
      <libsource lib="Mechanical" part="MountingHole_Pad" description="Mounting Hole with connection"/>
      <sheetpath names="/" tstamps="/"/>
      <tstamp>5FF33EC7</tstamp>
    </comp>
    <comp ref="H2">
      <value>M2</value>
      <footprint>MountingHole:MountingHole_2.2mm_M2_DIN965_Pad</footprint>
      <datasheet>~</datasheet>
      <libsource lib="Mechanical" part="MountingHole_Pad" description="Mounting Hole with connection"/>
      <sheetpath names="/" tstamps="/"/>
      <tstamp>5FF34A3E</tstamp>
    </comp>
    <comp ref="H3">
      <value>M2</value>
      <footprint>MountingHole:MountingHole_2.2mm_M2_DIN965_Pad</footprint>
      <datasheet>~</datasheet>
      <libsource lib="Mechanical" part="MountingHole_Pad" description="Mounting Hole with connection"/>
      <sheetpath names="/" tstamps="/"/>
      <tstamp>5FF3523E</tstamp>
    </comp>
    <comp ref="H4">
      <value>M2</value>
      <footprint>MountingHole:MountingHole_2.2mm_M2_DIN965_Pad</footprint>
      <datasheet>~</datasheet>
      <libsource lib="Mechanical" part="MountingHole_Pad" description="Mounting Hole with connection"/>
      <sheetpath names="/" tstamps="/"/>
      <tstamp>5FF35244</tstamp>
    </comp>
    <comp ref="R10">
      <value>170R</value>
      <footprint>Resistor_SMD:R_0603_1608Metric_Pad1.05x0.95mm_HandSolder</footprint>
      <datasheet>~</datasheet>
      <libsource lib="Device" part="R_Small" description="Resistor, small symbol"/>
      <sheetpath names="/" tstamps="/"/>
      <tstamp>5FFCE8C9</tstamp>
    </comp>
    <comp ref="R11">
      <value>170R</value>
      <footprint>Resistor_SMD:R_0603_1608Metric_Pad1.05x0.95mm_HandSolder</footprint>
      <datasheet>~</datasheet>
      <libsource lib="Device" part="R_Small" description="Resistor, small symbol"/>
      <sheetpath names="/" tstamps="/"/>
      <tstamp>60011EF9</tstamp>
    </comp>
  </components>
  <libparts>
    <libpart lib="Battery_Management" part="MCP73832-2-OT">
      <aliases>
        <alias>MCP73832-5-OT</alias>
        <alias>MCP73832-4-OT</alias>
        <alias>MCP73832-3-OT</alias>
        <alias>MCP73831-2-OT</alias>
        <alias>MCP73831-5-OT</alias>
        <alias>MCP73831-4-OT</alias>
        <alias>MCP73831-3-OT</alias>
      </aliases>
      <description>Single cell, Li-Ion/Li-Po charge management controller, 4.20V, Open-Drain Status Output, in SOT23-5 package</description>
      <docs>http://ww1.microchip.com/downloads/en/DeviceDoc/20001984g.pdf</docs>
      <footprints>
        <fp>SOT?23*</fp>
      </footprints>
      <fields>
        <field name="Reference">U</field>
        <field name="Value">MCP73832-2-OT</field>
        <field name="Footprint">Package_TO_SOT_SMD:SOT-23-5</field>
      </fields>
      <pins>
        <pin num="1" name="STAT" type="output"/>
        <pin num="2" name="VSS" type="power_in"/>
        <pin num="3" name="VBAT" type="power_out"/>
        <pin num="4" name="VDD" type="power_in"/>
        <pin num="5" name="PROG" type="input"/>
      </pins>
    </libpart>
    <libpart lib="Connector" part="USB_B_Micro">
      <aliases>
        <alias>USB_B_Mini</alias>
      </aliases>
      <description>USB Micro Type B connector</description>
      <docs>~</docs>
      <footprints>
        <fp>USB*</fp>
      </footprints>
      <fields>
        <field name="Reference">J</field>
        <field name="Value">USB_B_Micro</field>
      </fields>
      <pins>
        <pin num="1" name="VBUS" type="power_out"/>
        <pin num="2" name="D-" type="passive"/>
        <pin num="3" name="D+" type="passive"/>
        <pin num="4" name="ID" type="passive"/>
        <pin num="5" name="GND" type="power_out"/>
        <pin num="6" name="Shield" type="passive"/>
      </pins>
    </libpart>
    <libpart lib="Connector_Generic" part="Conn_01x02">
      <description>Generic connector, single row, 01x02, script generated (kicad-library-utils/schlib/autogen/connector/)</description>
      <docs>~</docs>
      <footprints>
        <fp>Connector*:*_1x??_*</fp>
      </footprints>
      <fields>
        <field name="Reference">J</field>
        <field name="Value">Conn_01x02</field>
      </fields>
      <pins>
        <pin num="1" name="Pin_1" type="passive"/>
        <pin num="2" name="Pin_2" type="passive"/>
      </pins>
    </libpart>
    <libpart lib="Connector_Generic" part="Conn_01x06">
      <description>Generic connector, single row, 01x06, script generated (kicad-library-utils/schlib/autogen/connector/)</description>
      <docs>~</docs>
      <footprints>
        <fp>Connector*:*_1x??_*</fp>
      </footprints>
      <fields>
        <field name="Reference">J</field>
        <field name="Value">Conn_01x06</field>
      </fields>
      <pins>
        <pin num="1" name="Pin_1" type="passive"/>
        <pin num="2" name="Pin_2" type="passive"/>
        <pin num="3" name="Pin_3" type="passive"/>
        <pin num="4" name="Pin_4" type="passive"/>
        <pin num="5" name="Pin_5" type="passive"/>
        <pin num="6" name="Pin_6" type="passive"/>
      </pins>
    </libpart>
    <libpart lib="Device" part="C_Small">
      <description>Unpolarized capacitor, small symbol</description>
      <docs>~</docs>
      <footprints>
        <fp>C_*</fp>
      </footprints>
      <fields>
        <field name="Reference">C</field>
        <field name="Value">C_Small</field>
      </fields>
      <pins>
        <pin num="1" name="~" type="passive"/>
        <pin num="2" name="~" type="passive"/>
      </pins>
    </libpart>
    <libpart lib="Device" part="D_Schottky_Small">
      <description>Schottky diode, small symbol</description>
      <docs>~</docs>
      <footprints>
        <fp>TO-???*</fp>
        <fp>*_Diode_*</fp>
        <fp>*SingleDiode*</fp>
        <fp>D_*</fp>
      </footprints>
      <fields>
        <field name="Reference">D</field>
        <field name="Value">D_Schottky_Small</field>
      </fields>
      <pins>
        <pin num="1" name="K" type="passive"/>
        <pin num="2" name="A" type="passive"/>
      </pins>
    </libpart>
    <libpart lib="Device" part="LED_Small">
      <description>Light emitting diode, small symbol</description>
      <docs>~</docs>
      <footprints>
        <fp>LED*</fp>
        <fp>LED_SMD:*</fp>
        <fp>LED_THT:*</fp>
      </footprints>
      <fields>
        <field name="Reference">D</field>
        <field name="Value">LED_Small</field>
      </fields>
      <pins>
        <pin num="1" name="K" type="passive"/>
        <pin num="2" name="A" type="passive"/>
      </pins>
    </libpart>
    <libpart lib="Device" part="R_Pack04_SIP_Split">
      <description>4 resistor network, parallel topology, SIP package, split</description>
      <docs>http://www.vishay.com/docs/31509/csc.pdf</docs>
      <footprints>
        <fp>R?Array?SIP*</fp>
      </footprints>
      <fields>
        <field name="Reference">RN</field>
        <field name="Value">R_Pack04_SIP_Split</field>
        <field name="Footprint">Resistor_THT:R_Array_SIP8</field>
      </fields>
      <pins>
        <pin num="1" name="R1.1" type="passive"/>
        <pin num="2" name="R1.2" type="passive"/>
        <pin num="3" name="R2.1" type="passive"/>
        <pin num="4" name="R2.2" type="passive"/>
        <pin num="5" name="R3.1" type="passive"/>
        <pin num="6" name="R3.2" type="passive"/>
        <pin num="7" name="R4.1" type="passive"/>
        <pin num="8" name="R4.2" type="passive"/>
      </pins>
    </libpart>
    <libpart lib="Device" part="R_Small">
      <description>Resistor, small symbol</description>
      <docs>~</docs>
      <footprints>
        <fp>R_*</fp>
      </footprints>
      <fields>
        <field name="Reference">R</field>
        <field name="Value">R_Small</field>
      </fields>
      <pins>
        <pin num="1" name="~" type="passive"/>
        <pin num="2" name="~" type="passive"/>
      </pins>
    </libpart>
    <libpart lib="Device" part="Resonator_Small">
      <description>Three pin ceramic resonator, small symbol</description>
      <docs>~</docs>
      <footprints>
        <fp>Filter*</fp>
        <fp>Resonator*</fp>
      </footprints>
      <fields>
        <field name="Reference">Y</field>
        <field name="Value">Resonator_Small</field>
      </fields>
      <pins>
        <pin num="1" name="1" type="passive"/>
        <pin num="2" name="2" type="passive"/>
        <pin num="3" name="3" type="passive"/>
      </pins>
    </libpart>
    <libpart lib="Driver_Haptic" part="DRV2605LDGS">
      <description>Haptic driver for LRAs and ERMs with effect library, 2-5.2V, VSSOP-10</description>
      <docs>http://www.ti.com/lit/ds/symlink/drv2605l.pdf</docs>
      <footprints>
        <fp>VSSOP*3x3mm*P0.5mm*</fp>
      </footprints>
      <fields>
        <field name="Reference">U</field>
        <field name="Value">DRV2605LDGS</field>
        <field name="Footprint">Package_SO:VSSOP-10_3x3mm_P0.5mm</field>
      </fields>
      <pins>
        <pin num="1" name="REG" type="passive"/>
        <pin num="2" name="SCL" type="input"/>
        <pin num="3" name="SDA" type="BiDi"/>
        <pin num="4" name="IN/TRIG" type="input"/>
        <pin num="5" name="EN" type="input"/>
        <pin num="6" name="VDD/NC" type="power_in"/>
        <pin num="7" name="OUT+" type="output"/>
        <pin num="8" name="GND" type="power_in"/>
        <pin num="9" name="OUT-" type="output"/>
        <pin num="10" name="VDD" type="power_in"/>
      </pins>
    </libpart>
    <libpart lib="Jumper" part="SolderJumper_3_Bridged12">
      <description>3-pole Solder Jumper, pins 1+2 closed/bridged</description>
      <docs>~</docs>
      <footprints>
        <fp>SolderJumper*Bridged12*</fp>
      </footprints>
      <fields>
        <field name="Reference">JP</field>
        <field name="Value">SolderJumper_3_Bridged12</field>
      </fields>
      <pins>
        <pin num="1" name="A" type="passive"/>
        <pin num="2" name="C" type="input"/>
        <pin num="3" name="B" type="passive"/>
      </pins>
    </libpart>
    <libpart lib="MCU_Microchip_ATmega" part="ATmega48PV-10MU">
      <aliases>
        <alias>ATmega48P-20MU</alias>
        <alias>ATmega48A-MU</alias>
        <alias>ATmega48PA-MU</alias>
        <alias>ATmega88PV-10MU</alias>
        <alias>ATmega88P-20MU</alias>
        <alias>ATmega88A-MU</alias>
        <alias>ATmega88PA-MU</alias>
        <alias>ATmega168PV-10MU</alias>
        <alias>ATmega168P-20MU</alias>
        <alias>ATmega168A-MU</alias>
        <alias>ATmega168PA-MU</alias>
        <alias>ATmega328-MU</alias>
        <alias>ATmega328P-MU</alias>
      </aliases>
      <description>10MHz, 4kB Flash, 512B SRAM, 256B EEPROM, QFN-32</description>
      <docs>http://ww1.microchip.com/downloads/en/DeviceDoc/Atmel-8025-8-bit-AVR-Microcontroller-ATmega48P-88P-168P_Datasheet.pdf</docs>
      <footprints>
        <fp>QFN*1EP*5x5mm*P0.5mm*</fp>
      </footprints>
      <fields>
        <field name="Reference">U</field>
        <field name="Value">ATmega48PV-10MU</field>
        <field name="Footprint">Package_DFN_QFN:QFN-32-1EP_5x5mm_P0.5mm_EP3.1x3.1mm</field>
      </fields>
      <pins>
        <pin num="1" name="PD3" type="BiDi"/>
        <pin num="2" name="PD4" type="BiDi"/>
        <pin num="3" name="GND" type="power_in"/>
        <pin num="4" name="VCC" type="power_in"/>
        <pin num="5" name="GND" type="passive"/>
        <pin num="6" name="VCC" type="passive"/>
        <pin num="7" name="XTAL1/PB6" type="BiDi"/>
        <pin num="8" name="XTAL2/PB7" type="BiDi"/>
        <pin num="9" name="PD5" type="BiDi"/>
        <pin num="10" name="PD6" type="BiDi"/>
        <pin num="11" name="PD7" type="BiDi"/>
        <pin num="12" name="PB0" type="BiDi"/>
        <pin num="13" name="PB1" type="BiDi"/>
        <pin num="14" name="PB2" type="BiDi"/>
        <pin num="15" name="PB3" type="BiDi"/>
        <pin num="16" name="PB4" type="BiDi"/>
        <pin num="17" name="PB5" type="BiDi"/>
        <pin num="18" name="AVCC" type="power_in"/>
        <pin num="19" name="ADC6" type="input"/>
        <pin num="20" name="AREF" type="passive"/>
        <pin num="21" name="GND" type="passive"/>
        <pin num="22" name="ADC7" type="input"/>
        <pin num="23" name="PC0" type="BiDi"/>
        <pin num="24" name="PC1" type="BiDi"/>
        <pin num="25" name="PC2" type="BiDi"/>
        <pin num="26" name="PC3" type="BiDi"/>
        <pin num="27" name="PC4" type="BiDi"/>
        <pin num="28" name="PC5" type="BiDi"/>
        <pin num="29" name="~RESET~/PC6" type="BiDi"/>
        <pin num="30" name="PD0" type="BiDi"/>
        <pin num="31" name="PD1" type="BiDi"/>
        <pin num="32" name="PD2" type="BiDi"/>
        <pin num="33" name="GND" type="passive"/>
      </pins>
    </libpart>
    <libpart lib="Mechanical" part="MountingHole_Pad">
      <description>Mounting Hole with connection</description>
      <docs>~</docs>
      <footprints>
        <fp>MountingHole*Pad*</fp>
      </footprints>
      <fields>
        <field name="Reference">H</field>
        <field name="Value">MountingHole_Pad</field>
      </fields>
      <pins>
        <pin num="1" name="1" type="input"/>
      </pins>
    </libpart>
    <libpart lib="Regulator_Linear" part="AP131-15">
      <aliases>
        <alias>AP131-18</alias>
        <alias>AP131-20</alias>
        <alias>AP131-25</alias>
        <alias>AP131-28</alias>
        <alias>AP131-29</alias>
        <alias>AP131-30</alias>
        <alias>AP131-33</alias>
        <alias>AP131-35</alias>
        <alias>MIC5205-2.5YM5</alias>
        <alias>MIC5205-2.7YM5</alias>
        <alias>MIC5205-2.8YM5</alias>
        <alias>MIC5205-2.85YM5</alias>
        <alias>MIC5205-2.9YM5</alias>
        <alias>MIC5205-3.0YM5</alias>
        <alias>MIC5205-3.1YM5</alias>
        <alias>MIC5205-3.2YM5</alias>
        <alias>MIC5205-3.3YM5</alias>
        <alias>MIC5205-3.6YM5</alias>
        <alias>MIC5205-3.8YM5</alias>
        <alias>MIC5205-4.0YM5</alias>
        <alias>MIC5205-5.0YM5</alias>
        <alias>MIC5219-2.5YM5</alias>
        <alias>MIC5219-2.6YM5</alias>
        <alias>MIC5219-2.7YM5</alias>
        <alias>MIC5219-2.8YM5</alias>
        <alias>MIC5219-2.85YM5</alias>
        <alias>MIC5219-2.9YM5</alias>
        <alias>MIC5219-3.0YM5</alias>
        <alias>MIC5219-3.1YM5</alias>
        <alias>MIC5219-3.3YM5</alias>
        <alias>MIC5219-3.6YM5</alias>
        <alias>MIC5219-5.0YM5</alias>
        <alias>SPX3819M5-L-1-2</alias>
        <alias>SPX3819M5-L-1-5</alias>
        <alias>SPX3819M5-L-1-8</alias>
        <alias>SPX3819M5-L-2-5</alias>
        <alias>SPX3819M5-L-3-0</alias>
        <alias>SPX3819M5-L-3-3</alias>
        <alias>SPX3819M5-L-5-0</alias>
      </aliases>
      <description>300mA low dropout linear regulator, shutdown pin, 1.5V fixed positive output, SOT-23-5</description>
      <docs>http://www.diodes.com/_files/datasheets/AP131.pdf</docs>
      <footprints>
        <fp>SOT?23*</fp>
      </footprints>
      <fields>
        <field name="Reference">U</field>
        <field name="Value">AP131-15</field>
        <field name="Footprint">Package_TO_SOT_SMD:SOT-23-5</field>
      </fields>
      <pins>
        <pin num="1" name="IN" type="power_in"/>
        <pin num="2" name="GND" type="power_in"/>
        <pin num="3" name="EN" type="input"/>
        <pin num="4" name="BP" type="input"/>
        <pin num="5" name="OUT" type="power_out"/>
      </pins>
    </libpart>
    <libpart lib="Sensor_Motion" part="ICM-20948">
      <description>InvenSense 9-Axis Motion Sensor, Accelerometer, Gyroscope, Compass, I2C/SPI, QFN-24</description>
      <docs>http://www.invensense.com/wp-content/uploads/2016/06/DS-000189-ICM-20948-v1.3.pdf</docs>
      <footprints>
        <fp>InvenSense?QFN*3x3mm*P0.4mm*</fp>
      </footprints>
      <fields>
        <field name="Reference">U</field>
        <field name="Value">ICM-20948</field>
        <field name="Footprint">Sensor_Motion:InvenSense_QFN-24_3x3mm_P0.4mm</field>
      </fields>
      <pins>
        <pin num="1" name="NC" type="NotConnected"/>
        <pin num="2" name="NC" type="NotConnected"/>
        <pin num="3" name="NC" type="NotConnected"/>
        <pin num="4" name="NC" type="NotConnected"/>
        <pin num="5" name="NC" type="NotConnected"/>
        <pin num="6" name="NC" type="NotConnected"/>
        <pin num="7" name="AUX_CL" type="output"/>
        <pin num="8" name="VDDIO" type="power_in"/>
        <pin num="9" name="SDO/AD0" type="BiDi"/>
        <pin num="10" name="REGOUT" type="passive"/>
        <pin num="11" name="FSYNC" type="input"/>
        <pin num="12" name="INT1" type="output"/>
        <pin num="13" name="VDD" type="power_in"/>
        <pin num="14" name="NC" type="NotConnected"/>
        <pin num="15" name="NC" type="NotConnected"/>
        <pin num="16" name="NC" type="NotConnected"/>
        <pin num="17" name="NC" type="NotConnected"/>
        <pin num="18" name="GND" type="power_in"/>
        <pin num="19" name="RESV" type="NotConnected"/>
        <pin num="20" name="GND" type="passive"/>
        <pin num="21" name="AUX_DA" type="BiDi"/>
        <pin num="22" name="~CS" type="input"/>
        <pin num="23" name="SCL/SCLK" type="input"/>
        <pin num="24" name="SDA/SDI" type="BiDi"/>
      </pins>
    </libpart>
    <libpart lib="Switch" part="SW_Push">
      <description>Push button switch, generic, two pins</description>
      <docs>~</docs>
      <fields>
        <field name="Reference">SW</field>
        <field name="Value">SW_Push</field>
      </fields>
      <pins>
        <pin num="1" name="1" type="passive"/>
        <pin num="2" name="2" type="passive"/>
      </pins>
    </libpart>
    <libpart lib="Transistor_FET" part="BSS138">
      <aliases>
        <alias>2N7002</alias>
        <alias>2N7002E</alias>
        <alias>2N7002H</alias>
        <alias>2N7002K</alias>
        <alias>BS170F</alias>
        <alias>BS870</alias>
        <alias>BSN20</alias>
        <alias>BSS123</alias>
        <alias>BSS127S</alias>
        <alias>DMG2302U</alias>
        <alias>DMG3402L</alias>
        <alias>DMG3404L</alias>
        <alias>DMG3406L</alias>
        <alias>DMG3414U</alias>
        <alias>DMG3418L</alias>
        <alias>DMN10H220L</alias>
        <alias>DMN10H700S</alias>
        <alias>DMN13H750S</alias>
        <alias>DMN2041L</alias>
        <alias>DMN2050L</alias>
        <alias>DMN2056U</alias>
        <alias>DMN2058U</alias>
        <alias>DMN2075U</alias>
        <alias>DMN2230U</alias>
        <alias>DMN24H11DS</alias>
        <alias>DMN24H3D5L</alias>
        <alias>DMN3042L</alias>
        <alias>DMN3051L</alias>
        <alias>DMN30H4D0L</alias>
        <alias>DMN3110S</alias>
        <alias>DMN3150L</alias>
        <alias>DMN3300U</alias>
        <alias>DMN3404L</alias>
        <alias>DMN6075S</alias>
        <alias>DMN6140L</alias>
        <alias>DMN67D7L</alias>
        <alias>DMN67D8L</alias>
        <alias>MMBF170</alias>
        <alias>VN10LF</alias>
        <alias>ZVN3306F</alias>
        <alias>ZVN3310F</alias>
        <alias>ZVN3320F</alias>
        <alias>ZVN4106F</alias>
        <alias>ZXM61N02F</alias>
        <alias>ZXM61N03F</alias>
        <alias>ZXMN10A07F</alias>
        <alias>ZXMN2A01F</alias>
        <alias>ZXMN2A14F</alias>
        <alias>ZXMN2B01F</alias>
        <alias>ZXMN2B14FH</alias>
        <alias>ZXMN2F30FH</alias>
        <alias>ZXMN2F34FH</alias>
        <alias>ZXMN3A01F</alias>
        <alias>ZXMN3A14F</alias>
        <alias>ZXMN3B01F</alias>
        <alias>ZXMN3B14F</alias>
        <alias>ZXMN3F30FH</alias>
        <alias>ZXMN6A07F</alias>
        <alias>IRLML0030</alias>
        <alias>IRLML2060</alias>
        <alias>TSM2302CX</alias>
      </aliases>
      <description>50V Vds, 0.22A Id, N-Channel MOSFET, SOT-23</description>
      <docs>https://www.fairchildsemi.com/datasheets/BS/BSS138.pdf</docs>
      <footprints>
        <fp>SOT?23*</fp>
      </footprints>
      <fields>
        <field name="Reference">Q</field>
        <field name="Value">BSS138</field>
        <field name="Footprint">Package_TO_SOT_SMD:SOT-23</field>
      </fields>
      <pins>
        <pin num="1" name="G" type="input"/>
        <pin num="2" name="S" type="passive"/>
        <pin num="3" name="D" type="passive"/>
      </pins>
    </libpart>
  </libparts>
  <libraries>
    <library logical="Battery_Management">
      <uri>D:\Program Files\KiCad\share\kicad\library/Battery_Management.lib</uri>
    </library>
    <library logical="Connector">
      <uri>D:\Program Files\KiCad\share\kicad\library/Connector.lib</uri>
    </library>
    <library logical="Connector_Generic">
      <uri>D:\Program Files\KiCad\share\kicad\library/Connector_Generic.lib</uri>
    </library>
    <library logical="Device">
      <uri>D:\Program Files\KiCad\share\kicad\library/Device.lib</uri>
    </library>
    <library logical="Driver_Haptic">
      <uri>D:\Program Files\KiCad\share\kicad\library/Driver_Haptic.lib</uri>
    </library>
    <library logical="Jumper">
      <uri>D:\Program Files\KiCad\share\kicad\library/Jumper.lib</uri>
    </library>
    <library logical="MCU_Microchip_ATmega">
      <uri>D:\Program Files\KiCad\share\kicad\library/MCU_Microchip_ATmega.lib</uri>
    </library>
    <library logical="Mechanical">
      <uri>D:\Program Files\KiCad\share\kicad\library/Mechanical.lib</uri>
    </library>
    <library logical="Regulator_Linear">
      <uri>D:\Program Files\KiCad\share\kicad\library/Regulator_Linear.lib</uri>
    </library>
    <library logical="Sensor_Motion">
      <uri>D:\Program Files\KiCad\share\kicad\library/Sensor_Motion.lib</uri>
    </library>
    <library logical="Switch">
      <uri>D:\Program Files\KiCad\share\kicad\library/Switch.lib</uri>
    </library>
    <library logical="Transistor_FET">
      <uri>D:\Program Files\KiCad\share\kicad\library/Transistor_FET.lib</uri>
    </library>
  </libraries>
  <nets>
    <net code="1" name="GND">
      <node ref="U3" pin="8"/>
      <node ref="H1" pin="1"/>
      <node ref="H2" pin="1"/>
      <node ref="H3" pin="1"/>
      <node ref="H4" pin="1"/>
      <node ref="D6" pin="1"/>
      <node ref="U6" pin="20"/>
      <node ref="J1" pin="5"/>
      <node ref="J1" pin="6"/>
      <node ref="C9" pin="2"/>
      <node ref="C5" pin="1"/>
      <node ref="BAT1" pin="2"/>
      <node ref="D2" pin="1"/>
      <node ref="C4" pin="1"/>
      <node ref="U6" pin="18"/>
      <node ref="R4" pin="1"/>
      <node ref="C11" pin="2"/>
      <node ref="C8" pin="1"/>
      <node ref="U1" pin="21"/>
      <node ref="U2" pin="2"/>
      <node ref="U1" pin="3"/>
      <node ref="U1" pin="5"/>
      <node ref="C3" pin="1"/>
      <node ref="D4" pin="1"/>
      <node ref="C10" pin="2"/>
      <node ref="C12" pin="2"/>
      <node ref="Y1" pin="2"/>
      <node ref="U1" pin="33"/>
      <node ref="FTDI1" pin="1"/>
      <node ref="C7" pin="2"/>
      <node ref="C1" pin="1"/>
      <node ref="U5" pin="2"/>
      <node ref="FTDI1" pin="2"/>
      <node ref="C6" pin="1"/>
      <node ref="U4" pin="2"/>
      <node ref="SW1" pin="2"/>
    </net>
    <net code="2" name="Net-(U1-Pad26)">
      <node ref="U1" pin="26"/>
    </net>
    <net code="3" name="SDA">
      <node ref="RN1" pin="3"/>
      <node ref="Q2" pin="3"/>
      <node ref="U3" pin="3"/>
      <node ref="U1" pin="27"/>
    </net>
    <net code="4" name="SCL">
      <node ref="U1" pin="28"/>
      <node ref="RN1" pin="1"/>
      <node ref="U3" pin="2"/>
      <node ref="Q1" pin="3"/>
    </net>
    <net code="5" name="RXD">
      <node ref="U1" pin="30"/>
      <node ref="FTDI1" pin="4"/>
    </net>
    <net code="6" name="TXD">
      <node ref="FTDI1" pin="5"/>
      <node ref="U1" pin="31"/>
    </net>
    <net code="7" name="D+">
      <node ref="U1" pin="32"/>
      <node ref="R2" pin="2"/>
    </net>
    <net code="8" name="RST">
      <node ref="R1" pin="2"/>
      <node ref="C2" pin="1"/>
      <node ref="SW1" pin="1"/>
      <node ref="U1" pin="29"/>
    </net>
    <net code="9" name="XTAL1">
      <node ref="U1" pin="7"/>
      <node ref="Y1" pin="1"/>
    </net>
    <net code="10" name="XTAL2">
      <node ref="U1" pin="8"/>
      <node ref="Y1" pin="3"/>
    </net>
    <net code="11" name="Net-(U1-Pad9)">
      <node ref="U1" pin="9"/>
    </net>
    <net code="12" name="Net-(C2-Pad2)">
      <node ref="C2" pin="2"/>
      <node ref="FTDI1" pin="6"/>
    </net>
    <net code="13" name="+3V3">
      <node ref="R1" pin="1"/>
      <node ref="U5" pin="1"/>
      <node ref="RN1" pin="2"/>
      <node ref="RN1" pin="4"/>
      <node ref="U1" pin="4"/>
      <node ref="U2" pin="5"/>
      <node ref="U1" pin="6"/>
      <node ref="U1" pin="18"/>
      <node ref="J1" pin="2"/>
      <node ref="R3" pin="1"/>
      <node ref="R10" pin="1"/>
      <node ref="C4" pin="2"/>
      <node ref="R8" pin="1"/>
      <node ref="U5" pin="3"/>
      <node ref="C9" pin="1"/>
      <node ref="C5" pin="2"/>
      <node ref="U3" pin="6"/>
      <node ref="U3" pin="10"/>
      <node ref="U3" pin="5"/>
    </net>
    <net code="14" name="Net-(U1-Pad25)">
      <node ref="U1" pin="25"/>
    </net>
    <net code="15" name="Net-(C6-Pad2)">
      <node ref="C6" pin="2"/>
      <node ref="U3" pin="1"/>
    </net>
    <net code="16" name="IN_TRIG">
      <node ref="JP1" pin="3"/>
      <node ref="U3" pin="4"/>
    </net>
    <net code="17" name="Net-(MTR1-Pad1)">
      <node ref="U3" pin="7"/>
      <node ref="MTR1" pin="1"/>
    </net>
    <net code="18" name="Net-(MTR1-Pad2)">
      <node ref="U3" pin="9"/>
      <node ref="MTR1" pin="2"/>
    </net>
    <net code="19" name="Net-(U1-Pad10)">
      <node ref="U1" pin="10"/>
    </net>
    <net code="20" name="D-">
      <node ref="R3" pin="2"/>
      <node ref="U1" pin="11"/>
    </net>
    <net code="21" name="Net-(U1-Pad12)">
      <node ref="U1" pin="12"/>
    </net>
    <net code="22" name="Net-(U1-Pad13)">
      <node ref="U1" pin="13"/>
    </net>
    <net code="23" name="Net-(U1-Pad14)">
      <node ref="U1" pin="14"/>
    </net>
    <net code="24" name="Net-(U1-Pad15)">
      <node ref="U1" pin="15"/>
    </net>
    <net code="25" name="Net-(U1-Pad16)">
      <node ref="U1" pin="16"/>
    </net>
    <net code="26" name="D13">
      <node ref="R11" pin="1"/>
      <node ref="U1" pin="17"/>
    </net>
    <net code="27" name="Net-(JP1-Pad1)">
      <node ref="JP1" pin="1"/>
      <node ref="U1" pin="1"/>
    </net>
    <net code="28" name="Net-(U1-Pad19)">
      <node ref="U1" pin="19"/>
    </net>
    <net code="29" name="Net-(U1-Pad2)">
      <node ref="U1" pin="2"/>
    </net>
    <net code="30" name="Net-(C1-Pad2)">
      <node ref="C1" pin="2"/>
      <node ref="U1" pin="20"/>
    </net>
    <net code="31" name="Net-(U1-Pad22)">
      <node ref="U1" pin="22"/>
    </net>
    <net code="32" name="Net-(U1-Pad23)">
      <node ref="U1" pin="23"/>
    </net>
    <net code="33" name="Net-(U1-Pad24)">
      <node ref="U1" pin="24"/>
    </net>
    <net code="34" name="INT">
      <node ref="Q3" pin="3"/>
      <node ref="JP1" pin="2"/>
      <node ref="R8" pin="2"/>
    </net>
    <net code="35" name="Net-(D4-Pad2)">
      <node ref="R10" pin="2"/>
      <node ref="D4" pin="2"/>
    </net>
    <net code="36" name="Net-(U6-Pad9)">
      <node ref="U6" pin="9"/>
    </net>
    <net code="37" name="Net-(D2-Pad2)">
      <node ref="R11" pin="2"/>
      <node ref="D2" pin="2"/>
    </net>
    <net code="38" name="VSS">
      <node ref="C8" pin="2"/>
      <node ref="U4" pin="3"/>
      <node ref="D1" pin="2"/>
      <node ref="BAT1" pin="1"/>
    </net>
    <net code="39" name="VBUS">
      <node ref="D5" pin="2"/>
      <node ref="C7" pin="1"/>
      <node ref="J1" pin="1"/>
      <node ref="U4" pin="4"/>
      <node ref="D3" pin="2"/>
      <node ref="FTDI1" pin="3"/>
    </net>
    <net code="40" name="Net-(C3-Pad2)">
      <node ref="D3" pin="1"/>
      <node ref="D1" pin="1"/>
      <node ref="U2" pin="3"/>
      <node ref="U2" pin="1"/>
      <node ref="C3" pin="2"/>
    </net>
    <net code="41" name="Net-(U2-Pad4)">
      <node ref="U2" pin="4"/>
    </net>
    <net code="42" name="SDA_1V8">
      <node ref="Q2" pin="2"/>
      <node ref="U6" pin="24"/>
      <node ref="RN1" pin="5"/>
    </net>
    <net code="43" name="Net-(U6-Pad11)">
      <node ref="U6" pin="11"/>
    </net>
    <net code="44" name="Net-(U6-Pad7)">
      <node ref="U6" pin="7"/>
    </net>
    <net code="45" name="Net-(U6-Pad21)">
      <node ref="U6" pin="21"/>
    </net>
    <net code="46" name="+1V8">
      <node ref="Q1" pin="1"/>
      <node ref="Q2" pin="1"/>
      <node ref="U5" pin="5"/>
      <node ref="C12" pin="1"/>
      <node ref="RN1" pin="8"/>
      <node ref="R7" pin="2"/>
      <node ref="RN1" pin="6"/>
      <node ref="R9" pin="1"/>
      <node ref="Q3" pin="1"/>
      <node ref="U6" pin="13"/>
      <node ref="C10" pin="1"/>
      <node ref="U6" pin="8"/>
    </net>
    <net code="47" name="SCL_1V8">
      <node ref="RN1" pin="7"/>
      <node ref="U6" pin="23"/>
      <node ref="Q1" pin="2"/>
    </net>
    <net code="48" name="Net-(U5-Pad4)">
      <node ref="U5" pin="4"/>
    </net>
    <net code="49" name="Net-(U6-Pad4)">
      <node ref="U6" pin="4"/>
    </net>
    <net code="50" name="Net-(U6-Pad5)">
      <node ref="U6" pin="5"/>
    </net>
    <net code="51" name="Net-(U6-Pad6)">
      <node ref="U6" pin="6"/>
    </net>
    <net code="52" name="Net-(U6-Pad3)">
      <node ref="U6" pin="3"/>
    </net>
    <net code="53" name="Net-(C11-Pad1)">
      <node ref="U6" pin="10"/>
      <node ref="C11" pin="1"/>
    </net>
    <net code="54" name="Net-(U6-Pad14)">
      <node ref="U6" pin="14"/>
    </net>
    <net code="55" name="Net-(U6-Pad15)">
      <node ref="U6" pin="15"/>
    </net>
    <net code="56" name="Net-(U6-Pad16)">
      <node ref="U6" pin="16"/>
    </net>
    <net code="57" name="Net-(U6-Pad17)">
      <node ref="U6" pin="17"/>
    </net>
    <net code="58" name="Net-(U6-Pad19)">
      <node ref="U6" pin="19"/>
    </net>
    <net code="59" name="Net-(U6-Pad2)">
      <node ref="U6" pin="2"/>
    </net>
    <net code="60" name="Net-(R7-Pad1)">
      <node ref="R7" pin="1"/>
      <node ref="U6" pin="22"/>
    </net>
    <net code="61" name="INT_1V8">
      <node ref="Q3" pin="2"/>
      <node ref="U6" pin="12"/>
      <node ref="R9" pin="2"/>
    </net>
    <net code="62" name="Net-(J1-Pad4)">
      <node ref="J1" pin="4"/>
    </net>
    <net code="63" name="Net-(D5-Pad1)">
      <node ref="R5" pin="2"/>
      <node ref="D5" pin="1"/>
    </net>
    <net code="64" name="Net-(D6-Pad2)">
      <node ref="D6" pin="2"/>
      <node ref="R6" pin="2"/>
    </net>
    <net code="65" name="Net-(R5-Pad1)">
      <node ref="U4" pin="1"/>
      <node ref="R6" pin="1"/>
      <node ref="R5" pin="1"/>
    </net>
    <net code="66" name="Net-(J1-Pad3)">
      <node ref="J1" pin="3"/>
      <node ref="R2" pin="1"/>
    </net>
    <net code="67" name="Net-(U6-Pad1)">
      <node ref="U6" pin="1"/>
    </net>
    <net code="68" name="Net-(R4-Pad2)">
      <node ref="R4" pin="2"/>
      <node ref="U4" pin="5"/>
    </net>
  </nets>
</export>
